X Position,Y Position,Z Position
-0.31168869137763977,0.0809766948223114,1.5641982555389404
-0.31171372532844543,0.0810135155916214,1.5641674995422363
-0.3117070496082306,0.08101332187652588,1.5641697645187378
-0.3116845488548279,0.08097148686647415,1.5641999244689941
-0.31170305609703064,0.08096574991941452,1.5641980171203613
-0.31167367100715637,0.08095604926347733,1.5641958713531494
-0.31167593598365784,0.080971859395504,1.5641980171203613
-0.3116776943206787,0.08096872270107269,1.5641899108886719
-0.3116806447505951,0.08099381625652313,1.564176321029663
-0.31168133020401,0.08097662031650543,1.5641839504241943
-0.311724454164505,0.08103994280099869,1.564150094985962
-0.31168049573898315,0.0809849202632904,1.5641766786575317
-0.311696320772171,0.08097626268863678,1.5641785860061646
-0.3117121160030365,0.08101540803909302,1.5641587972640991
-0.31172260642051697,0.08101402223110199,1.5641696453094482
-0.31168079376220703,0.0809912383556366,1.5641762018203735
-0.31169527769088745,0.08099682629108429,1.5641670227050781
-0.3116792142391205,0.08097635954618454,1.5641857385635376
-0.3116879165172577,0.08095280826091766,1.5641807317733765
-0.31171801686286926,0.08101770281791687,1.5641683340072632
-0.31168392300605774,0.08098136633634567,1.5641897916793823
-0.3116879463195801,0.08098621666431427,1.5641840696334839
-0.3116779625415802,0.08096707612276077,1.5642095804214478
-0.31168124079704285,0.08097033202648163,1.5641967058181763
-0.3117130994796753,0.08102352917194366,1.5641660690307617
-0.31172508001327515,0.08104251325130463,1.5641648769378662
-0.3116728961467743,0.08097690343856812,1.564178228378296
-0.3117152750492096,0.08103062212467194,1.5641511678695679
-0.3117300271987915,0.08104057610034943,1.5641624927520752
-0.3117145895957947,0.08102408051490784,1.5641549825668335
-0.31171944737434387,0.08102814108133316,1.5641762018203735
-0.31168705224990845,0.08097992092370987,1.5641932487487793
-0.3116927146911621,0.08098693937063217,1.5641875267028809
-0.31168094277381897,0.08097681403160095,1.564195156097412
-0.31168094277381897,0.08097681403160095,1.564195156097412
-0.3117118775844574,0.08102334290742874,1.564160943031311
-0.31169408559799194,0.0810023695230484,1.5641757249832153
-0.3116862177848816,0.08099061995744705,1.5641765594482422
-0.311673104763031,0.08097860217094421,1.5641790628433228
-0.3117275834083557,0.08103270828723907,1.5641473531723022
-0.31168416142463684,0.08094770461320877,1.564200758934021
-0.31169432401657104,0.08098527789115906,1.564192533493042
-0.31168046593666077,0.08097957819700241,1.5641921758651733
-0.31171339750289917,0.08103393018245697,1.5641716718673706
-0.3117160201072693,0.08100622147321701,1.5641711950302124
-0.3116801977157593,0.08098611235618591,1.5641835927963257
-0.31167805194854736,0.08097535371780396,1.56417977809906
-0.3117372393608093,0.08102092891931534,1.5641701221466064
-0.31174343824386597,0.08105087280273438,1.5641907453536987
-0.311693400144577,0.08097199350595474,1.5642006397247314
-0.3117048442363739,0.08098893612623215,1.5641992092132568
-0.31174811720848083,0.0810324028134346,1.5641602277755737
-0.31170937418937683,0.08095621317625046,1.5641896724700928
-0.31164613366127014,0.08099862188100815,1.5642404556274414
-0.3116719424724579,0.08094397187232971,1.5642049312591553
-0.31170183420181274,0.08090643584728241,1.56417715549469
-0.3117181956768036,0.08107724040746689,1.5642176866531372
-0.3117181956768036,0.08107724040746689,1.5642176866531372
-0.3117329478263855,0.08096743375062943,1.5641577243804932
-0.3117098808288574,0.08098538219928741,1.5641779899597168
-0.3116373121738434,0.08098051697015762,1.5642082691192627
-0.3116988241672516,0.08083675801753998,1.564256191253662
-0.3116688132286072,0.08099096268415451,1.56424880027771
-0.3116219937801361,0.08098190277814865,1.5641902685165405
-0.31170278787612915,0.08081293851137161,1.5642098188400269
-0.3116885721683502,0.08097542077302933,1.564246654510498
-0.3116436302661896,0.08106955140829086,1.5642077922821045
-0.3118242025375366,0.08093038946390152,1.5641988515853882
-0.31170454621315,0.08095013350248337,1.5642188787460327
-0.3115968108177185,0.08098103851079941,1.564227819442749
-0.3118534982204437,0.08100327849388123,1.5641450881958008
-0.3116450607776642,0.08103634417057037,1.5642001628875732
-0.3116789758205414,0.0809672549366951,1.5642054080963135
-0.3118245303630829,0.08101177215576172,1.5641975402832031
-0.31160688400268555,0.08095774799585342,1.564232587814331
-0.3117655813694,0.08094103634357452,1.5641710758209229
-0.311819851398468,0.08098580688238144,1.5641876459121704
-0.3116333484649658,0.08099737763404846,1.564275860786438
-0.3117002546787262,0.08094298094511032,1.564164638519287
-0.31169816851615906,0.08096420764923096,1.5641762018203735
-0.3117160201072693,0.08109190315008163,1.5642253160476685
-0.3117402493953705,0.08107348531484604,1.5642112493515015
-0.3116801083087921,0.0809171199798584,1.5641937255859375
-0.3117116093635559,0.08100773394107819,1.5642050504684448
-0.31168967485427856,0.08094856888055801,1.5642296075820923
-0.3116946220397949,0.0810350775718689,1.5642403364181519
-0.3116864264011383,0.0809221938252449,1.5642200708389282
-0.3117300570011139,0.08104562014341354,1.564232349395752
-0.31169524788856506,0.08099903911352158,1.5642210245132446
-0.3116617798805237,0.08096753805875778,1.5642435550689697
-0.3117673397064209,0.08107681572437286,1.564181923866272
-0.3117673397064209,0.08107681572437286,1.564181923866272
-0.3117388188838959,0.08105147629976273,1.5641942024230957
-0.3116768002510071,0.0810101330280304,1.5642200708389282
-0.3117541968822479,0.0810951441526413,1.564170479774475
-0.31166625022888184,0.08098513633012772,1.564256191253662
-0.31171727180480957,0.0810370147228241,1.5641905069351196
-0.31169262528419495,0.08101364225149155,1.5641993284225464
-0.31172242760658264,0.08106588572263718,1.5642262697219849
-0.3117320239543915,0.081060990691185,1.5641897916793823
-0.3117278516292572,0.08106714487075806,1.5642179250717163
-0.31171104311943054,0.08108127862215042,1.56421959400177
-0.3117346465587616,0.08108828216791153,1.5642296075820923
-0.3117387294769287,0.08105147629976273,1.564184546470642
-0.3117518126964569,0.08111587911844254,1.5642125606536865
-0.3117872476577759,0.08115804195404053,1.5641905069351196
-0.311778724193573,0.08115896582603455,1.5641934871673584
-0.3117809295654297,0.081171415746212,1.5642437934875488
-0.31177136301994324,0.08119172602891922,1.5642337799072266
-0.31180113554000854,0.08116603642702103,1.5642694234848022
-0.31180113554000854,0.081208735704422,1.5643330812454224
-0.3117963969707489,0.08123711496591568,1.5643893480300903
-0.31179025769233704,0.08124594390392303,1.5643877983093262
-0.31177347898483276,0.08125641196966171,1.5643863677978516
-0.3118409514427185,0.08125503361225128,1.5644081830978394
-0.3118428885936737,0.08126870542764664,1.5644567012786865
-0.3118211328983307,0.0813325047492981,1.5645215511322021
-0.3118915557861328,0.08132175356149673,1.5644811391830444
-0.31199976801872253,0.08126264065504074,1.5644333362579346
-0.31203439831733704,0.08124658465385437,1.5643885135650635
-0.312081903219223,0.08134429901838303,1.564297080039978
-0.31212911009788513,0.08140739798545837,1.5641406774520874
-0.3120816648006439,0.08135424554347992,1.5641313791275024
-0.3120007812976837,0.0813615471124649,1.563951849937439
-0.3119564354419708,0.08152589201927185,1.563797116279602
-0.31191202998161316,0.08186165243387222,1.563594102859497
-0.31159624457359314,0.08310767263174057,1.5631921291351318
-0.31135183572769165,0.08532994985580444,1.562658667564392
-0.31112372875213623,0.0869649201631546,1.562399983406067
-0.3108419179916382,0.08939537405967712,1.5621472597122192
-0.31072017550468445,0.09091539680957794,1.5619136095046997
-0.31049126386642456,0.09416985511779785,1.5615553855895996
-0.3101990818977356,0.09742550551891327,1.5611861944198608
-0.30997586250305176,0.10067706555128098,1.5607844591140747
-0.3097566068172455,0.10404706001281738,1.5602240562438965
-0.3096817433834076,0.10575595498085022,1.5599133968353271
-0.30943989753723145,0.11085088551044464,1.5589981079101562
-0.3092837929725647,0.11237581074237823,1.5587393045425415
-0.30928218364715576,0.1155012771487236,1.5581194162368774
-0.30925700068473816,0.11824914813041687,1.557376742362976
-0.3094586133956909,0.12254517525434494,1.5561221837997437
-0.30956023931503296,0.12389855831861496,1.5556695461273193
-0.30980053544044495,0.12528277933597565,1.5551917552947998
-0.3109167516231537,0.1305045634508133,1.5531659126281738
-0.31255191564559937,0.13519567251205444,1.551026701927185
-0.3137085735797882,0.13732270896434784,1.5499831438064575
-0.3156299293041229,0.14027941226959229,1.5482473373413086
-0.31716495752334595,0.14209353923797607,1.5471192598342896
-0.31880536675453186,0.1438669115304947,1.5459154844284058
-0.32075706124305725,0.14544162154197693,1.5445526838302612
-0.32268407940864563,0.14681732654571533,1.5433032512664795
-0.3247840404510498,0.148451030254364,1.5419564247131348
-0.3270130455493927,0.15012024343013763,1.5406241416931152
-0.3304886519908905,0.15275311470031738,1.538399338722229
-0.33293429017066956,0.154503732919693,1.5369396209716797
-0.33555108308792114,0.15650437772274017,1.5353611707687378
-0.33824488520622253,0.15865114331245422,1.5337129831314087
-0.34106871485710144,0.16069813072681427,1.5320242643356323
-0.3452545702457428,0.16450485587120056,1.5293022394180298
-0.3513719439506531,0.1703864187002182,1.5254396200180054
-0.3578324615955353,0.17751850187778473,1.5213268995285034
-0.36131584644317627,0.18146701157093048,1.5190320014953613
-0.3630204200744629,0.18356791138648987,1.5178873538970947
-0.366645485162735,0.18769840896129608,1.5156476497650146
-0.37054768204689026,0.1924460530281067,1.5131062269210815
-0.3746747076511383,0.1977127641439438,1.510496735572815
-0.37862730026245117,0.20292095839977264,1.508114218711853
-0.38508090376853943,0.21187759935855865,1.5039753913879395
-0.38950207829475403,0.2181297093629837,1.5013823509216309
-0.39408543705940247,0.22444072365760803,1.4984883069992065
-0.39644744992256165,0.22774739563465118,1.4970451593399048
-0.4036038815975189,0.23793531954288483,1.4925917387008667
-0.4059954881668091,0.24131464958190918,1.4911258220672607
-0.4133448898792267,0.25205183029174805,1.4863536357879639
-0.4158460199832916,0.2557716369628906,1.4847972393035889
-0.4207474887371063,0.2629912197589874,1.481557846069336
-0.42588111758232117,0.2708999514579773,1.4781990051269531
-0.4310300350189209,0.278507798910141,1.47499680519104
-0.436208039522171,0.2866387665271759,1.471577525138855
-0.4415128529071808,0.2950139343738556,1.4681336879730225
-0.4440762996673584,0.2991207540035248,1.4664390087127686
-0.4493834674358368,0.30764731764793396,1.463018774986267
-0.4546523094177246,0.3165039122104645,1.4593626260757446
-0.46011587977409363,0.3249844014644623,1.4559962749481201
-0.4629748463630676,0.329624742269516,1.4541504383087158
-0.46833154559135437,0.33834829926490784,1.4507536888122559
-0.4737829267978668,0.34741881489753723,1.4472063779830933
-0.4793015718460083,0.35689064860343933,1.4436755180358887
-0.48486775159835815,0.3662559986114502,1.4401893615722656
-0.4903888702392578,0.37580984830856323,1.4365031719207764
-0.49602916836738586,0.3855397701263428,1.4329807758331299
-0.5016509294509888,0.3953026235103607,1.429425597190857
-0.5045311450958252,0.40026652812957764,1.4276291131973267
-0.5100118517875671,0.4096969664096832,1.4241482019424438
-0.5158350467681885,0.41964271664619446,1.420412540435791
-0.5213083624839783,0.42933496832847595,1.416846513748169
-0.5269867777824402,0.4389592111110687,1.4132198095321655
-0.5354189872741699,0.4529549777507782,1.4079170227050781
-0.5465595126152039,0.4710622727870941,1.4006396532058716
-0.5576519966125488,0.48802754282951355,1.3937069177627563
-0.5632464289665222,0.49642547965049744,1.3901994228363037
-0.5686900615692139,0.5046095848083496,1.3867422342300415
-0.5769315958023071,0.5166608691215515,1.3815346956253052
-0.5877594351768494,0.5317711234092712,1.3747271299362183
-0.5984920859336853,0.5456638932228088,1.3682420253753662
-0.601074755191803,0.5489595532417297,1.3665285110473633
-0.6113371849060059,0.5619947910308838,1.360093593597412
-0.6142244935035706,0.5656175017356873,1.3582183122634888
-0.616847813129425,0.5690844058990479,1.3566560745239258
-0.6218429803848267,0.5755660533905029,1.3534181118011475
-0.6318600177764893,0.5887853503227234,1.3470778465270996
-0.6368798613548279,0.5951919555664062,1.3439933061599731
-0.6416872143745422,0.6017088294029236,1.3407046794891357
-0.6467357873916626,0.6080955862998962,1.337563395500183
-0.6540750861167908,0.6178534626960754,1.3328994512557983
-0.6589043736457825,0.6242939829826355,1.329734206199646
-0.6638407111167908,0.6308516263961792,1.3266130685806274
-0.668602705001831,0.6372156739234924,1.3235024213790894
-0.6733430624008179,0.6435801386833191,1.3203179836273193
-0.6781452894210815,0.6501268744468689,1.3172008991241455
-0.6827644109725952,0.6561057567596436,1.3141900300979614
-0.6898191571235657,0.6652019023895264,1.3096894025802612
-0.6965094208717346,0.6739595532417297,1.3051573038101196
-0.6987877488136292,0.6768814325332642,1.3036081790924072
-0.7033190131187439,0.6827519536018372,1.3006641864776611
-0.7076160311698914,0.6882796287536621,1.2978096008300781
-0.7119119167327881,0.6939949989318848,1.294939637184143
-0.7162256836891174,0.6996708512306213,1.2919892072677612
-0.7224713563919067,0.7080526947975159,1.288095474243164
-0.7264209985733032,0.7132732272148132,1.2853628396987915
-0.7324250340461731,0.7213122844696045,1.2813140153884888
-0.736285388469696,0.726361095905304,1.2788935899734497
-0.7401614189147949,0.7316058874130249,1.2763124704360962
-0.7420419454574585,0.7342396974563599,1.2750930786132812
-0.7458204030990601,0.7391152381896973,1.2726181745529175
-0.7494177222251892,0.7437728643417358,1.2700835466384888
-0.7530186176300049,0.7485456466674805,1.2677487134933472
-0.7564815282821655,0.7531312704086304,1.2653889656066895
-0.7599141001701355,0.7575846910476685,1.2631114721298218
-0.7615885734558105,0.7598958611488342,1.2619543075561523
-0.7648506760597229,0.7642810344696045,1.2597081661224365
-0.7680391073226929,0.7685151696205139,1.2575340270996094
-0.771233081817627,0.7729676365852356,1.2553337812423706
-0.777220606803894,0.7808974981307983,1.2512431144714355
-0.7800840139389038,0.7848531007766724,1.2491769790649414
-0.7815016508102417,0.786644458770752,1.2481915950775146
-0.7842315435409546,0.7900147438049316,1.246314287185669
-0.7869824171066284,0.7936950922012329,1.244372010231018
-0.7895756959915161,0.7969399690628052,1.2425429821014404
-0.7920540571212769,0.7999330163002014,1.2407907247543335
-0.7944484949111938,0.8030107617378235,1.2389992475509644
-0.7990397214889526,0.8082564473152161,1.2357486486434937
-0.8023344874382019,0.811942458152771,1.2333335876464844
-0.8044245839118958,0.8139882683753967,1.2318443059921265
-0.8063367605209351,0.8161888122558594,1.2304108142852783
-0.8073184490203857,0.8173253536224365,1.2296576499938965
-0.808272123336792,0.818415641784668,1.228901982307434
-0.8110272884368896,0.8211233615875244,1.227023959159851
-0.8143272399902344,0.8246163725852966,1.2244547605514526
-0.8166635632514954,0.8267862796783447,1.2226533889770508
-0.8174268007278442,0.827552855014801,1.22209632396698
-0.8188588619232178,0.8287440538406372,1.2210798263549805
-0.8202318549156189,0.8297293782234192,1.2200151681900024
-0.8221126794815063,0.8313906788825989,1.2184405326843262
-0.8233612179756165,0.8320062756538391,1.2175151109695435
-0.8250213265419006,0.8332604765892029,1.2161349058151245
-0.8255597352981567,0.8335707783699036,1.2157292366027832
-0.8265720009803772,0.8338179588317871,1.2150027751922607
-0.827545702457428,0.8341397643089294,1.2140960693359375
-0.8283926248550415,0.8345121741294861,1.2133734226226807
-0.8292207717895508,0.8345039486885071,1.2126824855804443
-0.8304491639137268,0.8345679044723511,1.211670994758606
-0.8314495086669922,0.8342353701591492,1.210854172706604
-0.8320657014846802,0.8340802192687988,1.2102220058441162
-0.8326755166053772,0.8337628841400146,1.2096325159072876
-0.8331636786460876,0.8331785798072815,1.209206461906433
-0.8336422443389893,0.8326662182807922,1.2087490558624268
-0.8340480327606201,0.8320751786231995,1.2083449363708496
-0.8345189094543457,0.8308230638504028,1.2078152894973755
-0.8347952961921692,0.8298991322517395,1.207448959350586
-0.8350508809089661,0.8288062214851379,1.2072237730026245
-0.8351328372955322,0.8282237648963928,1.2071086168289185
-0.8353272676467896,0.826487123966217,1.2066926956176758
-0.8354052901268005,0.8250806927680969,1.2065632343292236
-0.835437536239624,0.8242777585983276,1.2064305543899536
-0.8354504108428955,0.8229434490203857,1.2063230276107788
-0.8354260921478271,0.8213592767715454,1.2062073945999146
-0.8353564739227295,0.8197980523109436,1.2061995267868042
-0.8352727293968201,0.8181060552597046,1.2061686515808105
-0.8350982069969177,0.8165407180786133,1.2061983346939087
-0.8350178003311157,0.8156965374946594,1.2061597108840942
-0.8347932696342468,0.8139220476150513,1.2062819004058838
-0.8342373967170715,0.8101875185966492,1.2064183950424194
-0.8335033059120178,0.8061201572418213,1.2067216634750366
-0.8330593109130859,0.8041154146194458,1.2068610191345215
-0.8328616619110107,0.8030217289924622,1.206917643547058
-0.832404613494873,0.8008213043212891,1.2071722745895386
-0.831870973110199,0.7985628843307495,1.2074754238128662
-0.8313016295433044,0.7963151931762695,1.2077574729919434
-0.830691397190094,0.7938829660415649,1.2080556154251099
-0.8300939202308655,0.7916428446769714,1.2083591222763062
-0.8293869495391846,0.7892613410949707,1.2087782621383667
-0.8290517330169678,0.7880625128746033,1.208983063697815
-0.8283587694168091,0.7856236100196838,1.2093214988708496
-0.8276236653327942,0.7833439707756042,1.2096900939941406
-0.8268364667892456,0.7806997299194336,1.21024489402771
-0.8260250687599182,0.7782653570175171,1.2105876207351685
-0.8247515559196472,0.7743157148361206,1.2112581729888916
-0.8230287432670593,0.769297182559967,1.212288737297058
-0.8220943212509155,0.7667258977890015,1.212864875793457
-0.8211399912834167,0.764161229133606,1.2133458852767944
-0.8201690316200256,0.7616722583770752,1.2138622999191284
-0.8186777234077454,0.7579752206802368,1.2147325277328491
-0.8181869387626648,0.7567713260650635,1.2149380445480347
-0.8176564574241638,0.7555997967720032,1.2153093814849854
-0.815507173538208,0.7509618401527405,1.216410756111145
-0.8144645690917969,0.748903751373291,1.2169625759124756
-0.8122267127037048,0.7443671226501465,1.2181967496871948
-0.8122267127037048,0.7443671226501465,1.2181967496871948
-0.8104774951934814,0.7413427829742432,1.2191520929336548
-0.8093093633651733,0.739180326461792,1.2197283506393433
-0.8081786036491394,0.7372863292694092,1.2202906608581543
-0.8069477677345276,0.7351926565170288,1.220934271812439
-0.8057718276977539,0.7331849932670593,1.2216076850891113
-0.8057718276977539,0.7331849932670593,1.2216076850891113
-0.8045633435249329,0.731310248374939,1.2222344875335693
-0.8032967448234558,0.7294116020202637,1.222926378250122
-0.8027083873748779,0.728466808795929,1.2232526540756226
-0.8001757860183716,0.7249572277069092,1.2244908809661865
-0.7989740967750549,0.723227858543396,1.225227952003479
-0.7983092665672302,0.7224509716033936,1.2255148887634277
-0.7970311641693115,0.7209974527359009,1.2262160778045654
-0.795748770236969,0.719234824180603,1.2269601821899414
-0.794481635093689,0.7178663611412048,1.2275316715240479
-0.7931814789772034,0.7163703441619873,1.2282111644744873
-0.7918946146965027,0.7146984338760376,1.2289011478424072
-0.7912459373474121,0.7139866948127747,1.2292041778564453
-0.7905958294868469,0.7133523225784302,1.229568600654602
-0.7886387705802917,0.7110522389411926,1.2306358814239502
-0.7879877090454102,0.7103539109230042,1.2309901714324951
-0.7860317826271057,0.7083914279937744,1.2321012020111084
-0.7846824526786804,0.7070155143737793,1.2327982187271118
-0.7839840650558472,0.7063295841217041,1.2331897020339966
-0.7820234894752502,0.7044098973274231,1.234087347984314
-0.7807044386863708,0.7031006217002869,1.234853982925415
-0.7787291407585144,0.7014800310134888,1.2359049320220947
-0.778089702129364,0.7008626461029053,1.236257553100586
-0.7767666578292847,0.6995688676834106,1.2369818687438965
-0.7754542231559753,0.6986368894577026,1.237586259841919
-0.7741000652313232,0.6973974108695984,1.2383794784545898
-0.7734847068786621,0.6968357563018799,1.2387449741363525
-0.7714599370956421,0.6953859329223633,1.2396833896636963
-0.7701427936553955,0.6941032409667969,1.2404371500015259
-0.7689160108566284,0.6930336952209473,1.2410337924957275
-0.7682589888572693,0.6925902366638184,1.241391897201538
-0.7669399380683899,0.6914612650871277,1.2421094179153442
-0.7657439708709717,0.6903995871543884,1.2427918910980225
-0.7643675208091736,0.6894899010658264,1.2434016466140747
-0.762537956237793,0.6880398988723755,1.244457721710205
-0.7619050145149231,0.6875645518302917,1.2447999715805054
-0.7612972855567932,0.6870758533477783,1.2451140880584717
-0.7593789100646973,0.6856644153594971,1.246031403541565
-0.7587490081787109,0.6851465106010437,1.246411681175232
-0.7575694918632507,0.6843835711479187,1.2470526695251465
-0.7551553845405579,0.6826658248901367,1.248505711555481
-0.7539491653442383,0.681941568851471,1.2490754127502441
-0.7521250247955322,0.6804465055465698,1.2500591278076172
-0.7498164176940918,0.6786317825317383,1.2513920068740845
-0.7485425472259521,0.6776371002197266,1.2519373893737793
-0.7474716305732727,0.6767563819885254,1.2526471614837646
-0.746258020401001,0.6760183572769165,1.2532886266708374
-0.7456802129745483,0.6755358576774597,1.253616213798523
-0.7445875406265259,0.6745612025260925,1.2542952299118042
-0.7439836263656616,0.6740995645523071,1.2546360492706299
-0.7433943748474121,0.6736446619033813,1.2548853158950806
-0.7417544722557068,0.6723096966743469,1.2558276653289795
-0.7411337494850159,0.6717679500579834,1.2561793327331543
-0.7400655746459961,0.6709161996841431,1.256834864616394
-0.7390119433403015,0.6701903939247131,1.2572654485702515
-0.7379303574562073,0.669068455696106,1.2578778266906738
-0.7374151349067688,0.6687461137771606,1.2581790685653687
-0.7357102036476135,0.6673216223716736,1.2591041326522827
-0.7342215180397034,0.6657189130783081,1.2599302530288696
-0.7331478595733643,0.6645309329032898,1.260650873184204
-0.7326488494873047,0.6639718413352966,1.260863184928894
-0.7316234707832336,0.662781834602356,1.261283278465271
-0.731174886226654,0.6621397733688354,1.2616311311721802
-0.7296468615531921,0.6603944301605225,1.2624387741088867
-0.727801501750946,0.6579027771949768,1.2635257244110107
-0.7269271016120911,0.6566603183746338,1.2640055418014526
-0.7269271016120911,0.6566603183746338,1.2640055418014526
-0.7255155444145203,0.6547809839248657,1.2648375034332275
-0.7250418066978455,0.6542826890945435,1.2651069164276123
-0.7236496806144714,0.652411699295044,1.2658690214157104
-0.722823977470398,0.6513572335243225,1.26628839969635
-0.7219871282577515,0.6503780484199524,1.2667491436004639
-0.7216041684150696,0.6497597098350525,1.2670460939407349
-0.7207590341567993,0.6489349007606506,1.2675021886825562
-0.7198485136032104,0.6482736468315125,1.2678812742233276
-0.7190712690353394,0.6476041674613953,1.2682996988296509
-0.7186949849128723,0.647416889667511,1.2685540914535522
-0.7177794575691223,0.6469231843948364,1.2689751386642456
-0.7169452905654907,0.6463735103607178,1.26936674118042
-0.7162484526634216,0.6460938453674316,1.2697317600250244
-0.7155332565307617,0.6456789970397949,1.2701302766799927
-0.7151612639427185,0.6454940438270569,1.2703090906143188
-0.7139345407485962,0.6451937556266785,1.2708849906921387
-0.7131817936897278,0.6450085639953613,1.2712169885635376
-0.7124777436256409,0.6448158621788025,1.2716139554977417
-0.7121383547782898,0.6447656750679016,1.271767497062683
-0.7115063071250916,0.6446543335914612,1.2720240354537964
-0.7107162475585938,0.6444257497787476,1.2723256349563599
-0.7099378705024719,0.6444182395935059,1.2726463079452515
-0.7093109488487244,0.6442363262176514,1.2731083631515503
-0.7089908719062805,0.6440427303314209,1.2732614278793335
-0.708363950252533,0.6441020369529724,1.2734895944595337
-0.7076604962348938,0.6443101763725281,1.2736984491348267
-0.7069541215896606,0.6442013382911682,1.2740288972854614
-0.7063208222389221,0.6444196701049805,1.2743020057678223
-0.7052201628684998,0.644555389881134,1.2748563289642334
-0.7042818069458008,0.644862711429596,1.2752604484558105
-0.7029873728752136,0.6450504660606384,1.2757717370986938
-0.7018198370933533,0.6453100442886353,1.2761586904525757
-0.7012791037559509,0.6451460719108582,1.2764393091201782
-0.700686514377594,0.6453714966773987,1.276572823524475
-0.6998538374900818,0.6450395584106445,1.2769148349761963
-0.6990718841552734,0.645027220249176,1.2772215604782104
-0.6987958550453186,0.6448969841003418,1.2774053812026978
-0.6983334422111511,0.6447690725326538,1.2775596380233765
-0.6978014707565308,0.6447243690490723,1.2777411937713623
-0.6970493197441101,0.6446041464805603,1.2779030799865723
-0.6966012120246887,0.6444463729858398,1.2781670093536377
-0.6958688497543335,0.6445149779319763,1.278375506401062
-0.6956331133842468,0.6444632411003113,1.278503179550171
-0.6951702833175659,0.6445052623748779,1.2786394357681274
-0.6947905421257019,0.644862711429596,1.2787936925888062
-0.6942632794380188,0.6449451446533203,1.2789349555969238
-0.6938446760177612,0.6452867388725281,1.2790669202804565
-0.6932612061500549,0.6454731822013855,1.2792061567306519
-0.6928642392158508,0.6457359194755554,1.2793813943862915
-0.6924412250518799,0.6459736227989197,1.2794716358184814
-0.6922219395637512,0.6460673809051514,1.279523491859436
-0.691864550113678,0.6462367177009583,1.2795997858047485
-0.6915063261985779,0.6464641690254211,1.279693365097046
-0.6913279891014099,0.6466176509857178,1.2796894311904907
-0.6906725168228149,0.6468199491500854,1.2798268795013428
-0.6903336048126221,0.6470273733139038,1.2797569036483765
-0.6898412108421326,0.6472294926643372,1.2798985242843628
-0.689659833908081,0.6474022269248962,1.279850959777832
-0.6891502737998962,0.6478806138038635,1.279964804649353
-0.6888370513916016,0.6479768753051758,1.2799335718154907
-0.6886851787567139,0.6481928825378418,1.2799575328826904
-0.6884225010871887,0.6484975218772888,1.2799675464630127
-0.688127875328064,0.6488198041915894,1.2799171209335327
-0.6878395676612854,0.649077296257019,1.2799100875854492
-0.687559962272644,0.6494402289390564,1.2798060178756714
-0.6872170567512512,0.6497965455055237,1.279728889465332
-0.687035083770752,0.6498645544052124,1.279699683189392
-0.6867631673812866,0.650248110294342,1.2796074151992798
-0.6865145564079285,0.650609016418457,1.2795625925064087
-0.6861860156059265,0.6508124470710754,1.2795162200927734
-0.6858909130096436,0.6512265801429749,1.2794513702392578
-0.6857509613037109,0.6514000296592712,1.2794023752212524
-0.6852983832359314,0.651909589767456,1.2793207168579102
-0.6850347518920898,0.6522315144538879,1.279288411140442
-0.6849192976951599,0.6524540185928345,1.2792115211486816
-0.684669017791748,0.6527721285820007,1.2791463136672974
-0.6843783259391785,0.6529061198234558,1.2790656089782715
-0.6841190457344055,0.6533986330032349,1.2789043188095093
-0.6838643550872803,0.6536381244659424,1.2788084745407104
-0.6836023926734924,0.6539394855499268,1.2787435054779053
-0.6833136081695557,0.6543478965759277,1.2785844802856445
-0.6831636428833008,0.6545265913009644,1.2785282135009766
-0.6829220652580261,0.6548218727111816,1.2783775329589844
-0.6826792359352112,0.6551001667976379,1.2782645225524902
-0.6824997663497925,0.6555755138397217,1.2780945301055908
-0.682279646396637,0.6557086110115051,1.2779573202133179
-0.6821446418762207,0.6558707356452942,1.2778537273406982
-0.6817003488540649,0.656650722026825,1.2774759531021118
-0.6813187003135681,0.6573096513748169,1.2771538496017456
-0.6811681985855103,0.6576784253120422,1.2769439220428467
-0.6810200214385986,0.6578086614608765,1.276832938194275
-0.6808781623840332,0.6581912636756897,1.2765891551971436
-0.6806504130363464,0.658451497554779,1.2762807607650757
-0.6804479956626892,0.6591503620147705,1.2758442163467407
-0.6803181767463684,0.6594312191009521,1.275625228881836
-0.680212140083313,0.6597499251365662,1.275461196899414
-0.6801519393920898,0.6599321365356445,1.2753297090530396
-0.6800409555435181,0.6603230237960815,1.2750762701034546
-0.6799440383911133,0.6604757308959961,1.274953842163086
-0.6798805594444275,0.660912036895752,1.2747207880020142
-0.679830014705658,0.661234438419342,1.2745801210403442
-0.6797957420349121,0.6615480184555054,1.2743096351623535
-0.6797641515731812,0.6619295477867126,1.274125576019287
-0.6797040104866028,0.6624326109886169,1.2738572359085083
-0.6797017455101013,0.6627799868583679,1.2736579179763794
-0.6796868443489075,0.6635307669639587,1.2733347415924072
-0.6796724796295166,0.6638157963752747,1.2731316089630127
-0.6796748638153076,0.6641906499862671,1.2728986740112305
-0.679683268070221,0.6647982001304626,1.2726613283157349
-0.6797248721122742,0.6652794480323792,1.2724204063415527
-0.6797176599502563,0.6655284762382507,1.2722618579864502
-0.6797625422477722,0.6661142706871033,1.2719792127609253
-0.6797935962677002,0.6665223240852356,1.271746277809143
-0.6798393130302429,0.6670284867286682,1.2715462446212769
-0.6798393130302429,0.6670284867286682,1.2715462446212769
-0.679894208908081,0.6679939031600952,1.2711708545684814
-0.679922878742218,0.6683895587921143,1.2710998058319092
-0.6799898743629456,0.6688427329063416,1.270922064781189
-0.6800235509872437,0.6696173548698425,1.2707332372665405
-0.6800550818443298,0.6701664328575134,1.2705399990081787
-0.6801045536994934,0.6707374453544617,1.270331621170044
-0.6801449656486511,0.6712968945503235,1.2701456546783447
-0.6802629828453064,0.6720578074455261,1.2698695659637451
-0.6803420186042786,0.6724748015403748,1.269660472869873
-0.6804237365722656,0.6730838418006897,1.269412636756897
-0.6804935336112976,0.6735396385192871,1.2692698240280151
-0.6805311441421509,0.6738324761390686,1.2691129446029663
-0.6806210279464722,0.6742658615112305,1.2689086198806763
-0.6808537840843201,0.6750361323356628,1.268591046333313
-0.6809099316596985,0.6751790642738342,1.268531084060669
-0.6810671091079712,0.6755778193473816,1.2682011127471924
-0.6811487674713135,0.6759088635444641,1.267985463142395
-0.6812334656715393,0.6762160658836365,1.2678452730178833
-0.6813141703605652,0.676485538482666,1.2676481008529663
-0.6814043521881104,0.6767939329147339,1.2674442529678345
-0.6815623641014099,0.6771590709686279,1.2672842741012573
-0.6816557049751282,0.6776029467582703,1.267078161239624
-0.6817691326141357,0.6777573227882385,1.2669652700424194
-0.6818163394927979,0.6778597831726074,1.266911506652832
-0.6819612979888916,0.6782552003860474,1.2667402029037476
-0.6820573210716248,0.6783918142318726,1.266547679901123
-0.6822741627693176,0.6785048246383667,1.2662945985794067
-0.682533323764801,0.6785895228385925,1.2659859657287598
-0.6826767325401306,0.6785475015640259,1.2658075094223022
-0.6828768849372864,0.678550660610199,1.2655725479125977
-0.6830435395240784,0.6785403490066528,1.2654527425765991
-0.6831881403923035,0.6784197688102722,1.2652658224105835
-0.6833481788635254,0.678371787071228,1.2652157545089722
-0.6835510730743408,0.678451657295227,1.2650132179260254
-0.6836161613464355,0.6784326434135437,1.2649917602539062
-0.6836856603622437,0.6783022284507751,1.2649191617965698
-0.683760404586792,0.6782469749450684,1.2648411989212036
-0.6841180324554443,0.6781708598136902,1.2646461725234985
-0.6842890977859497,0.6780965924263,1.2645549774169922
-0.6844441294670105,0.6778640151023865,1.264516830444336
-0.6844441294670105,0.6778640151023865,1.264516830444336
-0.6847041249275208,0.6778362989425659,1.2643439769744873
-0.6848711371421814,0.6777260899543762,1.264168620109558
-0.6850215792655945,0.677520215511322,1.2641552686691284
-0.6851898431777954,0.677568256855011,1.2640278339385986
-0.6853602528572083,0.6773102283477783,1.2639849185943604
-0.6856067776679993,0.6769871115684509,1.2638405561447144
-0.6857033967971802,0.6767981052398682,1.2637858390808105
-0.6860032677650452,0.6765363812446594,1.2635550498962402
-0.6864093542098999,0.6757968664169312,1.2633767127990723
-0.6866190433502197,0.6756031513214111,1.2632126808166504
-0.6867055892944336,0.6755538582801819,1.2632107734680176
-0.6868922114372253,0.675149142742157,1.263091802597046
-0.6871647238731384,0.674998939037323,1.262986421585083
-0.6873908638954163,0.674768328666687,1.2628551721572876
-0.6876108646392822,0.6745404005050659,1.2627853155136108
-0.6880108118057251,0.6740638017654419,1.2626794576644897
-0.6882886290550232,0.6738932728767395,1.2625811100006104
-0.6883695125579834,0.6737200021743774,1.2625259160995483
-0.6886202692985535,0.6736109852790833,1.262418270111084
-0.6888493895530701,0.6735639572143555,1.2623485326766968
-0.6890621781349182,0.6737032532691956,1.262251615524292
-0.6892862915992737,0.673590362071991,1.2622007131576538
-0.6895050406455994,0.6738579869270325,1.2621593475341797
-0.6897259950637817,0.6740842461585999,1.2620123624801636
-0.6899538636207581,0.6741949915885925,1.261940598487854
-0.6902230381965637,0.6745443940162659,1.2618489265441895
-0.6903524398803711,0.6746801733970642,1.2618497610092163
-0.69087815284729,0.6753076314926147,1.2617108821868896
-0.6911465525627136,0.6756494045257568,1.2616641521453857
-0.6914035677909851,0.6760019063949585,1.2616184949874878
-0.691644549369812,0.6764475703239441,1.2615045309066772
-0.6917396783828735,0.6765632629394531,1.2615067958831787
-0.6919969916343689,0.6770896911621094,1.2613632678985596
-0.6922512054443359,0.6776288747787476,1.2613276243209839
-0.6925269961357117,0.6782533526420593,1.2611972093582153
-0.6927592158317566,0.6785917282104492,1.261085867881775
-0.6933273673057556,0.6797484755516052,1.2609683275222778
-0.6935980916023254,0.6801545023918152,1.260957956314087
-0.6937577128410339,0.6803611516952515,1.2608752250671387
-0.694046676158905,0.6807440519332886,1.2608586549758911
-0.6943637728691101,0.6811977624893188,1.2607111930847168
-0.6946620345115662,0.68162602186203,1.2607004642486572
-0.6949673891067505,0.6820212602615356,1.2605847120285034
-0.6952559351921082,0.6821192502975464,1.2605679035186768
-0.6959205865859985,0.6825770735740662,1.2603839635849
-0.6963900923728943,0.6826871633529663,1.260292649269104
-0.6967715620994568,0.682676374912262,1.260269045829773
-0.6975282430648804,0.6829304099082947,1.260094165802002
-0.6978505253791809,0.6828357577323914,1.2600561380386353
-0.6978505253791809,0.6828357577323914,1.2600561380386353
-0.6984241008758545,0.6827641129493713,1.2600017786026
-0.6992217898368835,0.6828464269638062,1.2598536014556885
-0.7000441551208496,0.6827479600906372,1.2596769332885742
-0.7006649374961853,0.6829245090484619,1.2596124410629272
-0.7011117935180664,0.682977020740509,1.2595546245574951
-0.701537013053894,0.6830143332481384,1.259561538696289
-0.7019715905189514,0.6831359267234802,1.2595226764678955
-0.7024819850921631,0.6833095550537109,1.2594318389892578
-0.7031312584877014,0.6832364201545715,1.2593752145767212
-0.703389585018158,0.6833093166351318,1.2592895030975342
-0.7041618227958679,0.6835704445838928,1.2592072486877441
-0.7046324014663696,0.6835314035415649,1.2592148780822754
-0.7056436538696289,0.6837590932846069,1.2591114044189453
-0.7063733339309692,0.6839092969894409,1.2590261697769165
-0.7069113254547119,0.6839917898178101,1.2589296102523804
-0.7074228525161743,0.683925211429596,1.2588386535644531
-0.7079690098762512,0.6841101050376892,1.2587568759918213
-0.7084815502166748,0.6842204928398132,1.2586673498153687
-0.7091916799545288,0.6841349601745605,1.2585629224777222
-0.7094526886940002,0.6842829585075378,1.2585899829864502
-0.7102422714233398,0.684338390827179,1.2584397792816162
-0.7105249762535095,0.684296727180481,1.258419394493103
-0.7113732695579529,0.6841198801994324,1.2583714723587036
-0.7116290330886841,0.6839927434921265,1.2583855390548706
-0.7121216654777527,0.6837478280067444,1.2583491802215576
-0.7126855850219727,0.6835653185844421,1.2582119703292847
-0.7132563591003418,0.6833760142326355,1.2581522464752197
-0.7136894464492798,0.6830103993415833,1.258169412612915
-0.7142647504806519,0.6826974749565125,1.2581042051315308
-0.7147926688194275,0.6823174357414246,1.2580190896987915
-0.7150833010673523,0.6822620630264282,1.257964015007019
-0.7156025767326355,0.6818514466285706,1.2579628229141235
-0.7161386013031006,0.6815313100814819,1.2579371929168701
-0.7163724899291992,0.6812787055969238,1.2579948902130127
-0.7168632745742798,0.6809920072555542,1.257909893989563
-0.717424750328064,0.6805030703544617,1.2579429149627686
-0.717922568321228,0.6802704930305481,1.2579675912857056
-0.7185137271881104,0.679852306842804,1.2579163312911987
-0.7190097570419312,0.6792458891868591,1.2579537630081177
-0.7195495963096619,0.6789433360099792,1.257947325706482
-0.7205830216407776,0.6783762574195862,1.2579772472381592
-0.7215737700462341,0.677868127822876,1.257951021194458
-0.7218666672706604,0.6779307126998901,1.257861614227295
-0.7229301929473877,0.6780381202697754,1.2579997777938843
-0.7239452600479126,0.6780940294265747,1.258060336112976
-0.7246439456939697,0.6784178614616394,1.2581560611724854
-0.7252010107040405,0.6785026788711548,1.25821053981781
-0.725631594657898,0.6784399151802063,1.2582849264144897
-0.7261340022087097,0.6785362958908081,1.2583365440368652
-0.726631224155426,0.6786178946495056,1.2583693265914917
-0.7270816564559937,0.6787657141685486,1.2584869861602783
-0.7275310754776001,0.6788715720176697,1.258507251739502
-0.7275310754776001,0.6788715720176697,1.258507251739502
-0.7281627655029297,0.6789258122444153,1.2586615085601807
-0.7288203239440918,0.6789898872375488,1.2588738203048706
-0.7294604182243347,0.679206371307373,1.2590177059173584
-0.7299126982688904,0.6793134808540344,1.259070873260498
-0.7299126982688904,0.6793134808540344,1.259070873260498
-0.7302995324134827,0.6793607473373413,1.2591198682785034
-0.7308447360992432,0.6793748140335083,1.259270429611206
-0.731228768825531,0.679458737373352,1.2594088315963745
-0.7317863702774048,0.6794911026954651,1.2595124244689941
-0.7319470643997192,0.6794245839118958,1.2595093250274658
-0.7323128581047058,0.6794057488441467,1.2596427202224731
-0.7326359748840332,0.679364800453186,1.2596945762634277
-0.7329933047294617,0.6793103218078613,1.2597986459732056
-0.7334535121917725,0.6794664263725281,1.2598503828048706
-0.7337534427642822,0.6795148849487305,1.2598748207092285
-0.7341678738594055,0.6796225309371948,1.2599592208862305
-0.7342864274978638,0.6796794533729553,1.2600315809249878
-0.7347363829612732,0.6799594759941101,1.2600449323654175
-0.7349686622619629,0.6799769401550293,1.2600595951080322
-0.7352319955825806,0.6800687313079834,1.26018488407135
-0.7355195879936218,0.6803110837936401,1.2601685523986816
-0.7356724739074707,0.6803702116012573,1.2602232694625854
-0.7359504103660583,0.680459201335907,1.2602020502090454
-0.7362160682678223,0.6804292798042297,1.2602592706680298
-0.7363173961639404,0.6804785132408142,1.2602732181549072
-0.7366065979003906,0.6807104349136353,1.260193109512329
-0.736862301826477,0.6810054779052734,1.2601799964904785
-0.7371357083320618,0.6811458468437195,1.2601590156555176
-0.7373965382575989,0.6812837719917297,1.2601298093795776
-0.7375949621200562,0.6812987327575684,1.2601189613342285
-0.7376967072486877,0.6814607977867126,1.2600995302200317
-0.7380685210227966,0.6816691756248474,1.2600575685501099
-0.7381590604782104,0.681742787361145,1.2600218057632446
-0.7383209466934204,0.6817505359649658,1.2599875926971436
-0.7385115027427673,0.6818376779556274,1.2600072622299194
-0.7387126088142395,0.6820954084396362,1.2599149942398071
-0.7388653755187988,0.6822290420532227,1.2599060535430908
-0.7390350103378296,0.6823698282241821,1.2599149942398071
-0.7391499280929565,0.6824840307235718,1.2598543167114258
-0.7393215894699097,0.6826804280281067,1.2598683834075928
-0.7394834160804749,0.68297278881073,1.259747862815857
-0.7395480871200562,0.6830484867095947,1.2597041130065918
-0.7396416664123535,0.6831150054931641,1.2597123384475708
-0.739767849445343,0.6833187937736511,1.2596627473831177
-0.7399174571037292,0.683740496635437,1.259531021118164
-0.7399905920028687,0.6837692260742188,1.2595057487487793
-0.7401963472366333,0.6841274499893188,1.2593798637390137
-0.740395724773407,0.6844511032104492,1.2592213153839111
-0.7405914664268494,0.6847188472747803,1.2590349912643433
-0.7406420111656189,0.684731125831604,1.2589753866195679
-0.7407452464103699,0.6850033402442932,1.2588940858840942
-0.7408795356750488,0.6851925253868103,1.2586991786956787
-0.7409794926643372,0.6853885650634766,1.258481502532959
-0.7410288453102112,0.6854498386383057,1.258378028869629
-0.741119384765625,0.6856747269630432,1.2582039833068848
-0.7411389946937561,0.6856651306152344,1.2581757307052612
-0.7412179708480835,0.6858028769493103,1.2579771280288696
-0.7412296533584595,0.6857349872589111,1.2579011917114258
-0.7413819432258606,0.6859381198883057,1.2576160430908203
-0.7413753271102905,0.685892641544342,1.2574894428253174
-0.7414596676826477,0.685927152633667,1.2572717666625977
-0.7415071725845337,0.6862371563911438,1.2570953369140625
-0.7415387034416199,0.6863926649093628,1.2569338083267212
-0.7415857315063477,0.6866326332092285,1.2567058801651
-0.741543710231781,0.6868875026702881,1.2565648555755615
-0.7415763139724731,0.6871685981750488,1.2564018964767456
-0.7415999174118042,0.6874544024467468,1.2563143968582153
-0.7415766716003418,0.6878666281700134,1.2561054229736328
-0.7416197061538696,0.6882251501083374,1.255867838859558
-0.7416108250617981,0.6884339451789856,1.2558153867721558
-0.7416099905967712,0.689180314540863,1.2555876970291138
-0.7416090369224548,0.6897625923156738,1.2553584575653076
-0.7415527105331421,0.6904963254928589,1.2550705671310425
-0.7415461540222168,0.6907954812049866,1.255014419555664
-0.7415578365325928,0.6917279362678528,1.2547211647033691
-0.7415462136268616,0.6922916769981384,1.254565715789795
-0.7415539622306824,0.692989706993103,1.2543905973434448
-0.7414645552635193,0.6934122443199158,1.2542262077331543
-0.7414473295211792,0.6937070488929749,1.2541447877883911
-0.7413761019706726,0.6941839456558228,1.253991961479187
-0.741316556930542,0.6948122382164001,1.2538210153579712
-0.7413051724433899,0.6954597234725952,1.2536040544509888
-0.7411987781524658,0.6959262490272522,1.2535088062286377
-0.7412000298500061,0.6962681412696838,1.253403902053833
-0.7411473393440247,0.6968358159065247,1.2532451152801514
-0.7410502433776855,0.6980760097503662,1.252884030342102
-0.7410025000572205,0.6984399557113647,1.252760648727417
-0.7408561110496521,0.6993703842163086,1.252536654472351
-0.7408109307289124,0.7000628709793091,1.252408742904663
-0.7407839894294739,0.7010769844055176,1.2523117065429688
-0.7407520413398743,0.701312243938446,1.2522207498550415
-0.7406678199768066,0.7020715475082397,1.252118468284607
-0.7405632138252258,0.7028277516365051,1.2519983053207397
-0.7405474185943604,0.7037821412086487,1.2519054412841797
-0.740567147731781,0.704725444316864,1.2517259120941162
-0.7404986023902893,0.7051272392272949,1.251697301864624
-0.740363597869873,0.7062742114067078,1.2515232563018799
-0.7403127551078796,0.7066017985343933,1.2515136003494263
-0.740241289138794,0.707526445388794,1.2513742446899414
-0.7402147650718689,0.7081570029258728,1.251231074333191
-0.7400938272476196,0.709136426448822,1.251041054725647
-0.7400380969047546,0.7094112038612366,1.2509772777557373
-0.7399793863296509,0.7102473974227905,1.2509299516677856
-0.739863395690918,0.711203396320343,1.2506924867630005
-0.7397359609603882,0.7119946479797363,1.2505255937576294
-0.7397339940071106,0.7124142646789551,1.2504535913467407
-0.7397339940071106,0.7124142646789551,1.2504535913467407
-0.7397077679634094,0.7126196622848511,1.250390648841858
-0.7396730780601501,0.7133213877677917,1.2502548694610596
-0.7396503686904907,0.7138477563858032,1.2501201629638672
-0.7397293448448181,0.7144830822944641,1.2499257326126099
-0.7397252321243286,0.7145638465881348,1.2499202489852905
-0.7397435903549194,0.7146559953689575,1.2498620748519897
-0.7397892475128174,0.7148457765579224,1.2498031854629517
-0.7398449778556824,0.7150489687919617,1.249781608581543
-0.739878237247467,0.7152366042137146,1.2497090101242065
-0.7399323582649231,0.7153162956237793,1.2496309280395508
-0.7399950623512268,0.7154213190078735,1.2496343851089478
-0.7400625348091125,0.7156285643577576,1.2495043277740479
-0.7401348352432251,0.7156347036361694,1.2494128942489624
-0.7402288913726807,0.7157070636749268,1.2493237257003784
-0.7402808666229248,0.715691864490509,1.249277949333191
-0.7403788566589355,0.7157434225082397,1.249152660369873
-0.7404583096504211,0.7155912518501282,1.2490264177322388
-0.7405645847320557,0.7154743671417236,1.2489356994628906
-0.7406452894210815,0.7153979539871216,1.2488434314727783
-0.7407095432281494,0.7151362895965576,1.248779535293579
-0.7407917380332947,0.7148457169532776,1.2486624717712402
-0.7409096360206604,0.7143573760986328,1.2485896348953247
-0.7409514784812927,0.7142580151557922,1.2485193014144897
-0.7410449981689453,0.7135493159294128,1.2483913898468018
-0.7411333918571472,0.7132555842399597,1.2483083009719849
-0.7411988377571106,0.7128971219062805,1.248237133026123
-0.741244375705719,0.7128134965896606,1.2481451034545898
-0.7413414716720581,0.7124882340431213,1.248060941696167
-0.7414559721946716,0.7121275663375854,1.2479428052902222
-0.7415981888771057,0.7119132876396179,1.2478688955307007
-0.7417019605636597,0.7116594910621643,1.2477644681930542
-0.741837739944458,0.711268961429596,1.2476868629455566
-0.7419470548629761,0.7109642028808594,1.2475547790527344
-0.7420268654823303,0.7110150456428528,1.247505784034729
-0.7421422600746155,0.7107035517692566,1.2474074363708496
-0.7422133088111877,0.7104787230491638,1.247300148010254
-0.74226313829422,0.7103054523468018,1.2472747564315796
-0.7424449920654297,0.7101691961288452,1.2471580505371094
-0.7425104975700378,0.7100611925125122,1.247156023979187
-0.7426306009292603,0.7098987698554993,1.247042179107666
-0.7427221536636353,0.7095870971679688,1.2470048666000366
-0.7428547739982605,0.7095997929573059,1.2468723058700562
-0.742970883846283,0.7094542384147644,1.2467865943908691
-0.7430700063705444,0.7092995047569275,1.246654987335205
-0.7431539297103882,0.7089844346046448,1.2466355562210083
-0.7432101964950562,0.7089422941207886,1.2466236352920532
-0.7433319091796875,0.7087292671203613,1.2465271949768066
-0.7434158325195312,0.7084614634513855,1.2464491128921509
-0.7434817552566528,0.708104133605957,1.2463839054107666
-0.7435510754585266,0.7076243758201599,1.246317744255066
-0.7436165809631348,0.7069258093833923,1.246176838874817
-0.7437906265258789,0.706109881401062,1.246056318283081
-0.7439663410186768,0.7051022052764893,1.2459909915924072
-0.7440255284309387,0.7046080231666565,1.2459279298782349
-0.7441065311431885,0.7040444016456604,1.2458354234695435
-0.7441232204437256,0.7033131718635559,1.2457821369171143
-0.7441214919090271,0.7029801607131958,1.2457971572875977
-0.7442101240158081,0.7025361061096191,1.2457157373428345
-0.7442911863327026,0.7018027901649475,1.2455552816390991
-0.7443000078201294,0.7008382678031921,1.245524525642395
-0.7443442940711975,0.7003889679908752,1.2455253601074219
-0.7443754076957703,0.7000134587287903,1.245447039604187
-0.7443616390228271,0.6998134851455688,1.2454359531402588
-0.7443440556526184,0.699280321598053,1.245357871055603
-0.7443394064903259,0.6990053057670593,1.2453464269638062
-0.744319498538971,0.6988242864608765,1.2452658414840698
-0.7443029284477234,0.698722779750824,1.245227336883545
-0.7442561984062195,0.6985461711883545,1.245148777961731
-0.7441977262496948,0.6983932852745056,1.245119333267212
-0.7441112399101257,0.698540449142456,1.2450505495071411
-0.743999183177948,0.6985480189323425,1.244844675064087
-0.7439360022544861,0.6984816789627075,1.2448781728744507
-0.743851363658905,0.6987734436988831,1.24474036693573
-0.7437824010848999,0.698969304561615,1.2445837259292603
-0.7436796426773071,0.6990688443183899,1.2445576190948486
-0.7435719966888428,0.69927579164505,1.2444472312927246
-0.7434383630752563,0.6993981599807739,1.2443546056747437
-0.7433828711509705,0.6998342871665955,1.2442189455032349
-0.7432727217674255,0.700038492679596,1.2441294193267822
-0.7432513236999512,0.7002538442611694,1.2440866231918335
-0.7431277632713318,0.7005921602249146,1.244080662727356
-0.7430225014686584,0.7011552453041077,1.2439252138137817
-0.7429880499839783,0.7013640403747559,1.2438589334487915
-0.7428346276283264,0.7018622756004333,1.2437679767608643
-0.7426931858062744,0.7022677063941956,1.2436792850494385
-0.7425269484519958,0.702667236328125,1.2436357736587524
-0.7424310445785522,0.7030439376831055,1.2435866594314575
-0.7422611117362976,0.7035120725631714,1.243473768234253
-0.7421098351478577,0.7036561369895935,1.24341881275177
-0.7419880032539368,0.7039753794670105,1.2432518005371094
-0.7418286204338074,0.7040984034538269,1.2431859970092773
-0.7417519688606262,0.7043307423591614,1.2431514263153076
-0.7416343688964844,0.704558253288269,1.2431195974349976
-0.7415238618850708,0.7049192190170288,1.2429927587509155
-0.7414407730102539,0.7050240635871887,1.2429903745651245
-0.7412905693054199,0.7051971554756165,1.242932677268982
-0.7410904765129089,0.7054964900016785,1.242804765701294
-0.7410234808921814,0.7057240009307861,1.2427712678909302
-0.7408949732780457,0.705933690071106,1.2426941394805908
-0.7407537698745728,0.7061922550201416,1.2425081729888916
-0.7406049370765686,0.7062731385231018,1.2424628734588623
-0.7404285669326782,0.706506073474884,1.2423771619796753
-0.7403667569160461,0.7068150639533997,1.2422583103179932
-0.7402631044387817,0.7068526744842529,1.2422170639038086
-0.7401837706565857,0.7070237398147583,1.2420904636383057
-0.7400464415550232,0.7068924903869629,1.2420517206192017
-0.7399414777755737,0.7069448232650757,1.2419589757919312
-0.7398579716682434,0.7068713903427124,1.2418811321258545
-0.7397676110267639,0.7069132924079895,1.2418111562728882
-0.7396736145019531,0.7068579196929932,1.2417328357696533
-0.7394648194313049,0.7065771222114563,1.2415963411331177
-0.7392990589141846,0.7062480449676514,1.2413570880889893
-0.7390957474708557,0.7061065435409546,1.241067886352539
-0.7389236092567444,0.705891489982605,1.2410118579864502
-0.7388821244239807,0.7058356404304504,1.240916132926941
-0.7387521862983704,0.7058041095733643,1.2408483028411865
-0.7385987043380737,0.7057984471321106,1.2406816482543945
-0.7383707165718079,0.7059190273284912,1.2404056787490845
-0.738132655620575,0.7058968544006348,1.2403500080108643
-0.7380168437957764,0.705898106098175,1.2402187585830688
-0.7377414107322693,0.7059532403945923,1.239999771118164
-0.7373263835906982,0.7059633731842041,1.2397302389144897
-0.7371424436569214,0.7059496641159058,1.239579677581787
-0.7370800375938416,0.705905020236969,1.239504337310791
-0.7368402481079102,0.7057324647903442,1.2394367456436157
-0.7364662885665894,0.705659806728363,1.2391724586486816
-0.7361860871315002,0.7055927515029907,1.2388023138046265
-0.7359391450881958,0.7054857611656189,1.2385141849517822
-0.7358474731445312,0.7054463028907776,1.2384543418884277
-0.7355627417564392,0.7054324150085449,1.2381584644317627
-0.7354230880737305,0.7054718732833862,1.237951397895813
-0.7352378368377686,0.7054864168167114,1.2377218008041382
-0.735068678855896,0.7055492997169495,1.2375041246414185
-0.734982967376709,0.705553412437439,1.2374087572097778
-0.7347938418388367,0.7055002450942993,1.237180471420288
-0.7346147298812866,0.7055937051773071,1.2370151281356812
-0.7345128655433655,0.7055151462554932,1.2368617057800293
-0.7343035340309143,0.705634593963623,1.236625075340271
-0.7341315746307373,0.7055492401123047,1.2363628149032593
-0.7338681817054749,0.7055435180664062,1.2361879348754883
-0.7336570620536804,0.705457329750061,1.2359296083450317
-0.7334407567977905,0.705276370048523,1.2357230186462402
-0.7333382964134216,0.7052537202835083,1.2355833053588867
-0.7329961657524109,0.7049590349197388,1.2352782487869263
-0.7327809929847717,0.7048362493515015,1.2350718975067139
-0.732674777507782,0.7046981453895569,1.2349884510040283
-0.7325037717819214,0.7045405507087708,1.2347397804260254
-0.732248067855835,0.7042651772499084,1.234556794166565
-0.732052743434906,0.7040038704872131,1.2343388795852661
-0.7318591475486755,0.7038581371307373,1.2341004610061646
-0.7316871285438538,0.7036576271057129,1.2339786291122437
-0.7315183281898499,0.7036504745483398,1.2337291240692139
-0.7313839793205261,0.7035803198814392,1.2336761951446533
-0.7312297224998474,0.7035024166107178,1.2334190607070923
-0.7309020757675171,0.7032470703125,1.233263373374939
-0.7307600975036621,0.7032425403594971,1.2330571413040161
-0.7303367257118225,0.7033023238182068,1.232828140258789
-0.7300947308540344,0.7033153176307678,1.2325823307037354
-0.7296618819236755,0.7030531764030457,1.2323814630508423
-0.7294583320617676,0.70307856798172,1.2322396039962769
-0.7292950749397278,0.7028646469116211,1.2321596145629883
-0.7290188670158386,0.7027378082275391,1.2319828271865845
-0.7286646366119385,0.7024059295654297,1.2317668199539185
-0.7282875180244446,0.7021818161010742,1.2315744161605835
-0.728130578994751,0.7020175457000732,1.2315027713775635
-0.7279815673828125,0.7021079659461975,1.2313963174819946
-0.727878749370575,0.7020025849342346,1.2313618659973145
-0.7277185916900635,0.7019897699356079,1.231239914894104
-0.7274695038795471,0.7019306421279907,1.2311643362045288
-0.7273091077804565,0.7019462585449219,1.2311517000198364
-0.7271376848220825,0.7021960616111755,1.2310575246810913
-0.7269324660301208,0.7023283839225769,1.2309852838516235
-0.7267501950263977,0.7025777697563171,1.2309082746505737
-0.7265295386314392,0.7028488516807556,1.230838656425476
-0.7264501452445984,0.7029794454574585,1.2308216094970703
-0.7261186838150024,0.7036711573600769,1.2306947708129883
-0.7259859442710876,0.7041015028953552,1.2306547164916992
-0.725854218006134,0.7042146921157837,1.2307049036026
-0.7256763577461243,0.704475462436676,1.230657935142517
-0.7255000472068787,0.7046881914138794,1.2306543588638306
-0.7253602743148804,0.705062210559845,1.2306082248687744
-0.7252355813980103,0.7053695917129517,1.2305622100830078
-0.7250522971153259,0.7057126760482788,1.2304809093475342
-0.7249498963356018,0.7061129212379456,1.2304095029830933
-0.7247239351272583,0.7062029242515564,1.2304126024246216
-0.7246658205986023,0.7064133286476135,1.2303674221038818
-0.724534273147583,0.7066027522087097,1.230356216430664
-0.7244711518287659,0.7067945599555969,1.2303041219711304
-0.7243161797523499,0.7073630094528198,1.2302427291870117
-0.7242399454116821,0.7077283263206482,1.230165958404541
-0.7241551280021667,0.7080280780792236,1.2301130294799805
-0.7241389155387878,0.7081315517425537,1.2301019430160522
-0.724066972732544,0.7084344625473022,1.2301286458969116
-0.7240606546401978,0.7087408900260925,1.230157732963562
-0.724054753780365,0.7089088559150696,1.2301474809646606
-0.7240538001060486,0.7093241214752197,1.2301139831542969
-0.7240477204322815,0.7095908522605896,1.2300610542297363
-0.7239880561828613,0.709761381149292,1.2300233840942383
-0.7239726781845093,0.7100587487220764,1.2299948930740356
-0.7239605784416199,0.7102259397506714,1.2299686670303345
-0.7239646315574646,0.7104509472846985,1.2299295663833618
-0.7240113615989685,0.7107890844345093,1.2298624515533447
-0.7239871025085449,0.7109139561653137,1.2298901081085205
-0.7240321636199951,0.7111222743988037,1.2297884225845337
-0.7240371108055115,0.7111474275588989,1.229807734489441
-0.7240466475486755,0.7113404273986816,1.2297616004943848
-0.7241119146347046,0.7114108800888062,1.2297548055648804
-0.7241610884666443,0.7117217183113098,1.2296504974365234
-0.7242110371589661,0.7117146253585815,1.2296221256256104
-0.7242912650108337,0.7120298743247986,1.2295700311660767
-0.724306583404541,0.7120880484580994,1.229529857635498
-0.7243891954421997,0.712315022945404,1.2295283079147339
-0.7245246171951294,0.7127290368080139,1.2294977903366089
-0.7246553897857666,0.7129419445991516,1.2295078039169312
-0.7248663902282715,0.7133725881576538,1.2293827533721924
-0.7250022888183594,0.7134279608726501,1.2293223142623901
-0.7252017855644226,0.7136093378067017,1.2292680740356445
-0.7254718542098999,0.713731586933136,1.2291556596755981
-0.7255600094795227,0.7136289477348328,1.2291876077651978
-0.7257974147796631,0.7135143876075745,1.2292048931121826
-0.7258862853050232,0.7134415507316589,1.229233741760254
-0.7261591553688049,0.7131350636482239,1.229185938835144
-0.7263011336326599,0.71312016248703,1.2291762828826904
-0.7263011336326599,0.71312016248703,1.2291762828826904
-0.7263966798782349,0.7128907442092896,1.2292438745498657
-0.7265755534172058,0.7125673294067383,1.229259729385376
-0.7267103791236877,0.7124815583229065,1.2292938232421875
-0.726881742477417,0.7123540043830872,1.2293428182601929
-0.7270238399505615,0.7122496366500854,1.229432225227356
-0.7272601127624512,0.7121745944023132,1.2295093536376953
-0.7273902297019958,0.7122159004211426,1.2295478582382202
-0.7276208996772766,0.7121241092681885,1.229636311531067
-0.7280603051185608,0.7125353813171387,1.2298709154129028
-0.7282617092132568,0.7126371264457703,1.2299731969833374
-0.7284640669822693,0.7128088474273682,1.2300951480865479
-0.7285490036010742,0.7128270268440247,1.230148196220398
-0.7288141846656799,0.7129870057106018,1.2302014827728271
-0.7290200591087341,0.7132260203361511,1.2304133176803589
-0.7292293310165405,0.7132481932640076,1.2305829524993896
-0.7294219136238098,0.7135169506072998,1.2307480573654175
-0.7297570109367371,0.7137887477874756,1.2309573888778687
-0.7299938201904297,0.7140054106712341,1.2311173677444458
-0.7301598191261292,0.7140790820121765,1.2313252687454224
-0.7302883267402649,0.7141537070274353,1.231366515159607
-0.730566143989563,0.7142757177352905,1.2316426038742065
-0.7306932210922241,0.7143484950065613,1.2317129373550415
-0.7309793829917908,0.7144070863723755,1.232007622718811
-0.7310755848884583,0.7144051790237427,1.232149600982666
-0.7313140630722046,0.7145712375640869,1.2323857545852661
-0.7315201163291931,0.7146182656288147,1.2326430082321167
-0.7317034006118774,0.71478670835495,1.2328585386276245
-0.7319551110267639,0.7149251699447632,1.2330117225646973
-0.7320205569267273,0.7149214744567871,1.233145833015442
-0.7322543263435364,0.7150644063949585,1.2332918643951416
-0.7324575185775757,0.7149854898452759,1.2334810495376587
-0.7326264977455139,0.71514493227005,1.2337040901184082
-0.7327068448066711,0.7151166200637817,1.2338286638259888
-0.7329621315002441,0.7152350544929504,1.234135627746582
-0.733164370059967,0.7153896689414978,1.2343182563781738
-0.7332040071487427,0.715322732925415,1.2344560623168945
-0.7334132194519043,0.7153869271278381,1.2346285581588745
-0.7335318326950073,0.7153174877166748,1.2348804473876953
-0.7336810231208801,0.7152281999588013,1.2351009845733643
-0.7338395714759827,0.7152984738349915,1.235284447669983
-0.7339613437652588,0.7152157425880432,1.2355003356933594
-0.7340325117111206,0.7153164744377136,1.2355703115463257
-0.7341809272766113,0.7152674198150635,1.2358064651489258
-0.7342811822891235,0.7153957486152649,1.23603355884552
-0.7344560623168945,0.7155466079711914,1.2362473011016846
-0.7345655560493469,0.7155550718307495,1.2364827394485474
-0.734947681427002,0.7159299254417419,1.2369340658187866
-0.7351691722869873,0.716082751750946,1.2373074293136597
-0.7355089783668518,0.7164016366004944,1.2378644943237305
-0.735854983329773,0.7168353796005249,1.238283395767212
-0.7360272407531738,0.7171496748924255,1.2385247945785522
-0.7361804842948914,0.7173115611076355,1.238568663597107
-0.7366076111793518,0.7179608941078186,1.2390637397766113
-0.7367977499961853,0.718360185623169,1.2393207550048828
-0.7370362877845764,0.7187319397926331,1.2395906448364258
-0.7373884320259094,0.719457745552063,1.2399351596832275
-0.7377893924713135,0.7205712199211121,1.2403146028518677
-0.7380094528198242,0.7209593653678894,1.2405401468276978
-0.7382891178131104,0.7216477990150452,1.2408117055892944
-0.7384843230247498,0.7222836017608643,1.2410718202590942
-0.7388446927070618,0.7232711911201477,1.2413822412490845
-0.7389501929283142,0.7235623002052307,1.2414863109588623
-0.7392579317092896,0.7246107459068298,1.2418755292892456
-0.7397594451904297,0.7260201573371887,1.2422524690628052
-0.7399711012840271,0.7267264127731323,1.242478370666504
-0.7400658130645752,0.7269867658615112,1.2425761222839355
-0.7402289509773254,0.7273513078689575,1.2426103353500366
-0.7404277324676514,0.7278485298156738,1.242777705192566
-0.7407214641571045,0.728855550289154,1.2430996894836426
-0.7409493327140808,0.729485273361206,1.243232011795044
-0.7411121726036072,0.7300134301185608,1.2433444261550903
-0.7412566542625427,0.7304599285125732,1.243569016456604
-0.741529107093811,0.7311662435531616,1.2437880039215088
-0.7416444420814514,0.7315173149108887,1.2438724040985107
-0.7419872879981995,0.732235312461853,1.2441728115081787
-0.7421472072601318,0.7326558828353882,1.244327187538147
-0.7422361969947815,0.7328559160232544,1.2443773746490479
-0.7424419522285461,0.7332956194877625,1.2444968223571777
-0.7424541115760803,0.7333272099494934,1.2445374727249146
-0.7427549362182617,0.7337839603424072,1.2448358535766602
-0.7429690361022949,0.7340381741523743,1.2449034452438354
-0.7430700659751892,0.7340689897537231,1.2450706958770752
-0.7433239221572876,0.7342644333839417,1.2451591491699219
-0.7434719204902649,0.7343000769615173,1.245275855064392
-0.7435402274131775,0.7343801856040955,1.245363712310791
-0.7435818910598755,0.7343673706054688,1.2454720735549927
-0.7437921166419983,0.7345259189605713,1.2456415891647339
-0.7438797354698181,0.7344775199890137,1.2456879615783691
-0.744024395942688,0.7344651818275452,1.245954990386963
-0.7441802024841309,0.734386682510376,1.2460380792617798
-0.7442162036895752,0.7342592477798462,1.246132493019104
-0.7443713545799255,0.734212338924408,1.2462785243988037
-0.744428277015686,0.7339297533035278,1.2464230060577393
-0.7447143793106079,0.7336133122444153,1.246740460395813
-0.7448835968971252,0.7334210872650146,1.246944546699524
-0.7451017498970032,0.7332163453102112,1.2471916675567627
-0.7451810240745544,0.7331818342208862,1.2472389936447144
-0.7452934384346008,0.7331745028495789,1.2473175525665283
-0.7455092072486877,0.7329026460647583,1.2476861476898193
-0.7458536028862,0.7327852249145508,1.248157262802124
-0.7460427284240723,0.7326912879943848,1.2484041452407837
-0.7461962103843689,0.7327378392219543,1.2486186027526855
-0.7463023066520691,0.732591450214386,1.2488958835601807
-0.7464820742607117,0.732581377029419,1.2490272521972656
-0.7466174960136414,0.7324740290641785,1.2492603063583374
-0.746688723564148,0.7323731780052185,1.2493577003479004
-0.746920108795166,0.7317185997962952,1.2498400211334229
-0.7469765543937683,0.7312439680099487,1.2500916719436646
-0.7472547292709351,0.730346143245697,1.25067138671875
-0.7474627494812012,0.7295342683792114,1.2510871887207031
-0.7475406527519226,0.7292585968971252,1.251247525215149
-0.7478030920028687,0.7283551692962646,1.251597285270691
-0.7479455471038818,0.7277519702911377,1.251944661140442
-0.7480311393737793,0.7272099256515503,1.252320408821106
-0.748154878616333,0.7265909910202026,1.2525668144226074
-0.7481935024261475,0.7262930870056152,1.252767562866211
-0.7483240962028503,0.7257547378540039,1.2530659437179565
-0.7484400272369385,0.725250780582428,1.2534765005111694
-0.7484655976295471,0.724958062171936,1.2536351680755615
-0.7486281991004944,0.7240188717842102,1.2541921138763428
-0.7487364411354065,0.723517119884491,1.2546075582504272
-0.7488428354263306,0.7228308320045471,1.25482177734375
-0.7488886117935181,0.7225219011306763,1.2549731731414795
-0.7489228844642639,0.722136378288269,1.2551227807998657
-0.7490282654762268,0.7215458154678345,1.2554428577423096
-0.7490869164466858,0.7207682728767395,1.2557567358016968
-0.7490972876548767,0.7200760841369629,1.256177306175232
-0.749215841293335,0.7194454073905945,1.2564749717712402
-0.7492022514343262,0.718720555305481,1.2568336725234985
-0.7492499351501465,0.7182052135467529,1.257144570350647
-0.7492735385894775,0.7175997495651245,1.2574902772903442
-0.7492441534996033,0.7168505191802979,1.2578434944152832
-0.7492098212242126,0.7162954807281494,1.2580678462982178
-0.7491875290870667,0.715943455696106,1.2582526206970215
-0.7491354942321777,0.7154183983802795,1.2585322856903076
-0.7489584684371948,0.7141366600990295,1.259067416191101
-0.7489866018295288,0.713653564453125,1.2592706680297852
-0.7489385008811951,0.7133655548095703,1.2594430446624756
-0.7489064335823059,0.7127982378005981,1.2597169876098633
-0.7487925291061401,0.7121887803077698,1.2600516080856323
-0.7487807273864746,0.711736798286438,1.2603042125701904
-0.7486342191696167,0.7112849950790405,1.2605303525924683
-0.7486193180084229,0.7110240459442139,1.260654091835022
-0.7484889626502991,0.7106420993804932,1.2609206438064575
-0.7483446598052979,0.7101322412490845,1.2612229585647583
-0.7481884360313416,0.7095986008644104,1.2616171836853027
-0.7481261491775513,0.7094911932945251,1.2617218494415283
-0.7480071187019348,0.7090427875518799,1.261932611465454
-0.7478629946708679,0.7085148096084595,1.2619738578796387
-0.7476660013198853,0.707812488079071,1.2619768381118774
-0.7471370100975037,0.706994354724884,1.26185142993927
-0.746920108795166,0.7069458961486816,1.2617963552474976
-0.7458580136299133,0.7066591382026672,1.2612963914871216
-0.7446944117546082,0.706427812576294,1.260492205619812
-0.7424540519714355,0.7060781121253967,1.2588380575180054
-0.741030216217041,0.7060868144035339,1.257840871810913
-0.7393412590026855,0.7060207724571228,1.2566356658935547
-0.7393412590026855,0.7060207724571228,1.2566356658935547
-0.7384230494499207,0.7060296535491943,1.2559945583343506
-0.7339509129524231,0.7060808539390564,1.252882719039917
-0.7312998175621033,0.706234335899353,1.2511378526687622
-0.7283259630203247,0.7064473628997803,1.2492082118988037
-0.725182294845581,0.7064949870109558,1.247300624847412
-0.7234296798706055,0.7066636681556702,1.2461082935333252
-0.7197993397712708,0.7067824006080627,1.243818998336792
-0.7178915739059448,0.7069811224937439,1.2425932884216309
-0.7116843461990356,0.7073496580123901,1.2387112379074097
-0.7071244120597839,0.7074849605560303,1.2359892129898071
-0.702289342880249,0.7078740000724792,1.2330186367034912
-0.6972240209579468,0.7080767154693604,1.2299784421920776
-0.6918470859527588,0.7081682085990906,1.2268332242965698
-0.6832259297370911,0.7084138989448547,1.2217415571212769
-0.6771856546401978,0.7085638046264648,1.2181576490402222
-0.6707863807678223,0.7085928320884705,1.214480996131897
-0.6641426682472229,0.7086542248725891,1.2106107473373413
-0.6607797741889954,0.7086713910102844,1.2087019681930542
-0.6537526249885559,0.7087276577949524,1.2046613693237305
-0.6464840769767761,0.7088728547096252,1.2004941701889038
-0.6309808492660522,0.7091526389122009,1.1919806003570557
-0.6229318380355835,0.7091205716133118,1.187383770942688
-0.6104671955108643,0.7093524932861328,1.180405855178833
-0.6061201095581055,0.7093810439109802,1.1781302690505981
-0.5973601341247559,0.7093580961227417,1.1732890605926514
-0.588396430015564,0.7094608545303345,1.168411135673523
-0.579378068447113,0.709637463092804,1.1634284257888794
-0.5700839757919312,0.7096117734909058,1.1584635972976685
-0.5606066584587097,0.7095234394073486,1.1532487869262695
-0.5509495735168457,0.7094916701316833,1.1479578018188477
-0.5410943031311035,0.7094364762306213,1.1427626609802246
-0.5311892032623291,0.7095497846603394,1.1372709274291992
-0.5211206674575806,0.7094351649284363,1.1318804025650024
-0.510799765586853,0.7093794941902161,1.126254677772522
-0.5056619644165039,0.7093329429626465,1.1234990358352661
-0.4953285753726959,0.7092752456665039,1.1178770065307617
-0.48472824692726135,0.7092167139053345,1.112187385559082
-0.47403252124786377,0.7092424631118774,1.1065312623977661
-0.463092178106308,0.7092470526695251,1.1006205081939697
-0.4576568007469177,0.7091906666755676,1.0977040529251099
-0.4466753900051117,0.7091301679611206,1.0917737483978271
-0.4357112646102905,0.7090979814529419,1.0858451128005981
-0.4244479537010193,0.7091830372810364,1.0798089504241943
-0.4019082188606262,0.7090578079223633,1.068039059638977
-0.39613622426986694,0.708911120891571,1.065007209777832
-0.37898674607276917,0.7085816264152527,1.056017279624939
-0.3733510673046112,0.708390474319458,1.0530941486358643
-0.36162903904914856,0.7083457708358765,1.0470372438430786
-0.35004115104675293,0.7081412076950073,1.0411006212234497
-0.3383237421512604,0.707868218421936,1.0351521968841553
-0.3207428753376007,0.7073087692260742,1.0262051820755005
-0.29714205861091614,0.7064898014068604,1.0144481658935547
-0.2728707194328308,0.7058296799659729,1.002536416053772
-0.2485978603363037,0.7052589058876038,0.9908625483512878
-0.23650860786437988,0.7051373720169067,0.9850729703903198
-0.21814455091953278,0.704625129699707,0.97629714012146
-0.21214261651039124,0.7045296430587769,0.9734364748001099
-0.19976875185966492,0.7039626836776733,0.9675801992416382
-0.1935293972492218,0.7037732601165771,0.9647325277328491
-0.18123267590999603,0.7035635113716125,0.9589360356330872
-0.16891345381736755,0.703321099281311,0.9532244801521301
-0.15669243037700653,0.7030327320098877,0.9475723505020142
-0.138448566198349,0.7024809718132019,0.939208447933197
-0.1264958381652832,0.7022011280059814,0.9336574077606201
-0.11443642526865005,0.7017319798469543,0.9282183647155762
-0.10230323672294617,0.7014766335487366,0.9227121472358704
-0.09047570824623108,0.7012537717819214,0.9173896312713623
-0.08448950201272964,0.7010481357574463,0.914729118347168
-0.07853525131940842,0.7009519338607788,0.9119675755500793
-0.061047282069921494,0.700266420841217,0.9041231870651245
-0.05517549812793732,0.7001163959503174,0.9015039801597595
-0.03786308690905571,0.700007975101471,0.8937879204750061
-0.0264266487210989,0.6997919678688049,0.888716995716095
-0.015085448510944843,0.6999203562736511,0.8836806416511536
-0.0038913791067898273,0.699720561504364,0.8788388967514038
0.007310548797249794,0.6995203495025635,0.8738468885421753
0.0183540191501379,0.6993584036827087,0.8690714240074158
0.040097542107105255,0.699324369430542,0.859589159488678
0.05095516890287399,0.6991320252418518,0.8549791574478149
0.06139427796006203,0.6992954611778259,0.8504549860954285
0.0666390135884285,0.6994189620018005,0.8482215404510498
0.07708118110895157,0.6993347406387329,0.8439117670059204
0.0873146653175354,0.6993176341056824,0.8395786285400391
0.09756530821323395,0.699303150177002,0.8353225588798523
0.11748897284269333,0.6990501880645752,0.8269941210746765
0.12740612030029297,0.6988421678543091,0.8229066133499146
0.13716533780097961,0.6989468336105347,0.818983256816864
0.14654667675495148,0.6989177465438843,0.815119743347168
0.15605448186397552,0.6991133093833923,0.8112078309059143
0.16061219573020935,0.6992558240890503,0.8093671798706055
0.17000561952590942,0.6990689635276794,0.8056209683418274
0.17919009923934937,0.6988391280174255,0.8016830682754517
0.18850766122341156,0.6983258724212646,0.7976595163345337
0.1932232826948166,0.6980828642845154,0.795628011226654
0.20685650408267975,0.697788417339325,0.7897418141365051
0.2160351425409317,0.6978381872177124,0.7857859134674072
0.22065861523151398,0.6977567672729492,0.7837636470794678
0.22980579733848572,0.6979989409446716,0.7795916199684143
0.23916341364383698,0.6980271935462952,0.7753810286521912
0.24848178029060364,0.6980617046356201,0.7710298299789429
0.25775715708732605,0.6980095505714417,0.7665656805038452
0.2671942710876465,0.6981559991836548,0.761741042137146
0.2766611874103546,0.6980456113815308,0.7569498419761658
0.2910059988498688,0.6980689764022827,0.7496411204338074
0.3106124699115753,0.6978738307952881,0.7390548586845398
0.3301056921482086,0.6979338526725769,0.7282479405403137
0.3301056921482086,0.6979338526725769,0.7282479405403137
0.3450562357902527,0.6976447105407715,0.7196155786514282
0.3550201654434204,0.6974741220474243,0.7136387825012207
0.3650238811969757,0.6973604559898376,0.7074505686759949
0.3852870762348175,0.6976627111434937,0.6949788331985474
0.40042054653167725,0.6980565786361694,0.6851226091384888
0.4055158793926239,0.698176920413971,0.6817129850387573
0.41058653593063354,0.6981672644615173,0.678473949432373
0.43136918544769287,0.6981410980224609,0.6643215417861938
0.44169744849205017,0.698359489440918,0.6571238040924072
0.4521206021308899,0.6985422968864441,0.6497423648834229
0.4573729336261749,0.6986187100410461,0.6459710001945496
0.4679524898529053,0.6991044282913208,0.6382565498352051
0.478461354970932,0.6997168660163879,0.630441427230835
0.4889780282974243,0.7003629207611084,0.622528612613678
0.49954313039779663,0.7009835839271545,0.6145287752151489
0.5100659132003784,0.7013630867004395,0.6064568758010864
0.5208305716514587,0.7018688917160034,0.5980002284049988
0.5208305716514587,0.7018688917160034,0.5980002284049988
0.5365037322044373,0.7026343941688538,0.585426926612854
0.5418816804885864,0.7029127478599548,0.5810502171516418
0.5523393154144287,0.7032983899116516,0.5726321935653687
0.5576425194740295,0.7034504413604736,0.5683225989341736
0.5682364702224731,0.7038156390190125,0.5595526099205017
0.583888590335846,0.7041364908218384,0.5462225079536438
0.5889447331428528,0.7041809558868408,0.5418733358383179
0.5993513464927673,0.7043886780738831,0.5329836010932922
0.6148416996002197,0.7044696807861328,0.519483745098114
0.6250330805778503,0.704515278339386,0.5102712512016296
0.6351456642150879,0.7047101855278015,0.501143217086792
0.6451400518417358,0.7050245404243469,0.4922332465648651
0.6501780152320862,0.7050995230674744,0.4874862730503082
0.6600451469421387,0.7052467465400696,0.47826147079467773
0.6700841784477234,0.7051479816436768,0.46891066431999207
0.6748755574226379,0.7052136063575745,0.46432533860206604
0.6894323825836182,0.7049438953399658,0.45022884011268616
0.6943464875221252,0.7050233483314514,0.4454728364944458
0.7038850784301758,0.7048911452293396,0.4360843896865845
0.708620011806488,0.7048453092575073,0.43144258856773376
0.718147337436676,0.704542875289917,0.4219936728477478
0.7321205139160156,0.7042307257652283,0.40764397382736206
0.7367973923683167,0.7041562795639038,0.40290573239326477
0.7460052967071533,0.7042762041091919,0.3931582272052765
0.755151093006134,0.7041902542114258,0.38373130559921265
0.7642530798912048,0.7041985392570496,0.37407827377319336
0.7731218338012695,0.7039446234703064,0.3646106421947479
0.7819864749908447,0.7037540674209595,0.3550242483615875
0.7907093167304993,0.7035457491874695,0.34537702798843384
0.7950153350830078,0.7034122943878174,0.34062570333480835
0.8077274560928345,0.7027408480644226,0.32631438970565796
0.8120944499969482,0.7025870680809021,0.3215092420578003
0.8203417062759399,0.7022261619567871,0.3119061291217804
0.8286136984825134,0.7019358277320862,0.30240598320961
0.8408176898956299,0.7015743851661682,0.28803831338882446
0.8448088765144348,0.7014486789703369,0.2834770381450653
0.860634446144104,0.7012894153594971,0.2644166350364685
0.860634446144104,0.7012894153594971,0.2644166350364685
0.8723741173744202,0.7013476490974426,0.2501724660396576
0.8878475427627563,0.70108962059021,0.23117895424365997
0.8953821659088135,0.7010353803634644,0.22169534862041473
0.9067879915237427,0.700912356376648,0.20719976723194122
0.9216498136520386,0.7007571458816528,0.1883559376001358
0.9290546774864197,0.7007039189338684,0.17894189059734344
0.9364652633666992,0.7009074687957764,0.1692844033241272
0.9436627626419067,0.7005698084831238,0.1597817838191986
0.9507361650466919,0.6999419331550598,0.15001824498176575
0.9542698860168457,0.6995874643325806,0.14510366320610046
0.961083173751831,0.6989178657531738,0.135358527302742
0.9676162600517273,0.6985229253768921,0.12562881410121918
0.9740462899208069,0.6984171271324158,0.1157301738858223
0.9801884293556213,0.6981438398361206,0.10601402819156647
0.9860461950302124,0.6979154348373413,0.09594882279634476
0.9916942119598389,0.6973381042480469,0.08572439849376678
0.9943439364433289,0.6970305442810059,0.08070465177297592
1.0042458772659302,0.6954665184020996,0.05957420542836189
1.0086241960525513,0.6946718096733093,0.048921652138233185
1.0126464366912842,0.6940827369689941,0.03812345489859581
1.0144014358520508,0.6938221454620361,0.03275115787982941
1.0178334712982178,0.6931982636451721,0.021665247157216072
1.019384741783142,0.6929249167442322,0.015843413770198822
1.023539423942566,0.6921445727348328,-0.0013431217521429062
1.0274999141693115,0.6921159029006958,-0.02474900335073471
1.0295040607452393,0.6919529438018799,-0.04282013326883316
1.0299458503723145,0.6918670535087585,-0.048912882804870605
1.0307838916778564,0.6912224888801575,-0.06757352501153946
1.0308618545532227,0.6906982660293579,-0.08022380620241165
1.030409812927246,0.6902278661727905,-0.093068927526474
1.0296247005462646,0.689751923084259,-0.10604532808065414
1.029093623161316,0.6895664930343628,-0.11237683892250061
1.0277024507522583,0.6893708109855652,-0.1254696398973465
1.0268057584762573,0.6894072890281677,-0.13221287727355957
1.0237606763839722,0.6891828775405884,-0.15214772522449493
1.0224961042404175,0.6891424059867859,-0.15903209149837494
1.0182626247406006,0.6890774369239807,-0.1794559359550476
1.0166187286376953,0.689022958278656,-0.1863986700773239
1.0130722522735596,0.6889731884002686,-0.20039887726306915
1.0112062692642212,0.6889536380767822,-0.20723767578601837
1.0072225332260132,0.6888141632080078,-0.2212642878293991
0.9954548478126526,0.6886046528816223,-0.2568287253379822
0.9902759790420532,0.6882076263427734,-0.2711510956287384
0.9875102043151855,0.6881970763206482,-0.27828359603881836
0.9817724823951721,0.6881455183029175,-0.2925160527229309
0.9756815433502197,0.6881226897239685,-0.3070116639137268
0.9692707061767578,0.6877435445785522,-0.32139718532562256
0.9625526070594788,0.6877000331878662,-0.3357642889022827
0.9555646777153015,0.6877360343933105,-0.3501023054122925
0.9519668817520142,0.6877077221870422,-0.3573039174079895
0.944424033164978,0.6874254941940308,-0.3717319071292877
0.9367390871047974,0.6869723796844482,-0.3859885334968567
0.9287694096565247,0.68656325340271,-0.4000832140445709
0.9118713736534119,0.6854945421218872,-0.42853844165802
0.8984489440917969,0.6846936941146851,-0.44976648688316345
0.8799334168434143,0.6836764216423035,-0.47743916511535645
0.8602373003959656,0.6819876432418823,-0.5052266716957092
0.8499298095703125,0.6810582280158997,-0.5192123055458069
0.8343916535377502,0.6798492074012756,-0.5395703315734863
0.8289952278137207,0.6796323657035828,-0.5464087724685669
0.8181889653205872,0.6792964935302734,-0.5599918365478516
0.8014134168624878,0.6791524887084961,-0.5801990628242493
0.790173351764679,0.6789659261703491,-0.5934939980506897
0.7785962820053101,0.6783925294876099,-0.6070049405097961
0.7727133631706238,0.6778877377510071,-0.6137268543243408
0.7610423564910889,0.6772650480270386,-0.6269963979721069
0.7489266395568848,0.676789402961731,-0.6403356790542603
0.7303436398506165,0.6763789057731628,-0.6602039337158203
0.711724579334259,0.6764765977859497,-0.6796985864639282
0.6988072395324707,0.6767225861549377,-0.6927774548530579
0.6858664751052856,0.6768901944160461,-0.7056440114974976
0.672874391078949,0.6772199273109436,-0.7184681296348572
0.6527938842773438,0.6771783828735352,-0.7378692030906677
0.6392803192138672,0.6771492958068848,-0.750781774520874
0.6258736252784729,0.6772922277450562,-0.7633063793182373
0.6190289258956909,0.6775509715080261,-0.7696155905723572
0.6050916910171509,0.6781003475189209,-0.7822844386100769
0.5912477970123291,0.6784327626228333,-0.7947436571121216
0.5773173570632935,0.6789318919181824,-0.8071579337120056
0.5634922385215759,0.679581880569458,-0.819392740726471
0.5496334433555603,0.6800128221511841,-0.8314410448074341
0.5426598787307739,0.6801577806472778,-0.8374961018562317
0.5286763310432434,0.6802346706390381,-0.8495399355888367
0.5217028856277466,0.6802802085876465,-0.8555359244346619
0.5077738761901855,0.6805359125137329,-0.8674589991569519
0.49389734864234924,0.6806479096412659,-0.8791724443435669
0.4800631105899811,0.6805580854415894,-0.8906643390655518
0.46633633971214294,0.6807751059532166,-0.9021042585372925
0.45276781916618347,0.6809108257293701,-0.9132566452026367
0.4391910135746002,0.6810476183891296,-0.924317479133606
0.4256173372268677,0.6812102198600769,-0.9352672100067139
0.41207149624824524,0.6815195679664612,-0.9459700584411621
0.40538090467453003,0.6815916895866394,-0.9512289762496948
0.3852618336677551,0.6816456317901611,-0.9669429063796997
0.37849482893943787,0.6816316843032837,-0.9721125364303589
0.365186482667923,0.6814993619918823,-0.9822904467582703
0.35218462347984314,0.6814976930618286,-0.9921165704727173
0.34540459513664246,0.6814703941345215,-0.9970182180404663
0.3257903456687927,0.6813251376152039,-1.0113787651062012
0.31281518936157227,0.6812158823013306,-1.0205566883087158
0.30614936351776123,0.6812300086021423,-1.025198221206665
0.293475866317749,0.6810989379882812,-1.0340025424957275
0.28071001172065735,0.6808311343193054,-1.0428284406661987
0.2680070996284485,0.6803712248802185,-1.0514086484909058
0.2552676200866699,0.6800830364227295,-1.0599936246871948
0.24280844628810883,0.6795108318328857,-1.0681655406951904
0.2364199310541153,0.6791974306106567,-1.0721944570541382
0.2241470217704773,0.678792417049408,-1.0800610780715942
0.21187199652194977,0.6787676811218262,-1.087829351425171
0.1998426914215088,0.6785745620727539,-1.0952649116516113
0.1876809448003769,0.6785071492195129,-1.1026302576065063
0.16412466764450073,0.6775435209274292,-1.1169612407684326
0.14689065515995026,0.676950991153717,-1.1273308992385864
0.12495722621679306,0.6769705414772034,-1.140153408050537
0.1142677515745163,0.6774706840515137,-1.1463030576705933
0.10376206040382385,0.6775109767913818,-1.152248501777649
0.08886633813381195,0.6777269840240479,-1.1607952117919922
0.07922375202178955,0.6778331398963928,-1.1661893129348755
0.07470733672380447,0.6778711080551147,-1.1687278747558594
0.07008667290210724,0.6779124736785889,-1.1712641716003418
0.06126658245921135,0.677950382232666,-1.176121711730957
0.05275876820087433,0.6780149936676025,-1.1806730031967163
0.044851887971162796,0.6781027317047119,-1.1849091053009033
0.03715531900525093,0.6780509948730469,-1.1889256238937378
0.0336126945912838,0.6781899333000183,-1.1907298564910889
0.019873494282364845,0.677603006362915,-1.1975880861282349
0.013532331213355064,0.677202045917511,-1.2006299495697021
0.007626071106642485,0.6767394542694092,-1.2033735513687134
0.0020535807125270367,0.676393985748291,-1.2057702541351318
0.0020535807125270367,0.676393985748291,-1.2057702541351318
-0.005646759644150734,0.6756412982940674,-1.209036111831665
-0.014768768101930618,0.6747173070907593,-1.2125604152679443
-0.01892940141260624,0.6742830276489258,-1.2139276266098022
-0.022788962349295616,0.6738210916519165,-1.2151952981948853
-0.02463390678167343,0.6736236214637756,-1.2158266305923462
-0.028083281591534615,0.673133373260498,-1.2166996002197266
-0.031244929879903793,0.6727992296218872,-1.217463731765747
-0.034237977117300034,0.6722977161407471,-1.218098759651184
-0.03695731237530708,0.6720327734947205,-1.2186088562011719
-0.03941544517874718,0.671760082244873,-1.2189269065856934
-0.04181251674890518,0.6716650128364563,-1.2191332578659058
-0.04181251674890518,0.6716650128364563,-1.2191332578659058
-0.04486812651157379,0.671544075012207,-1.219202995300293
-0.045795928686857224,0.6715315580368042,-1.2191611528396606
-0.04835696890950203,0.6716312766075134,-1.2189066410064697
-0.049863092601299286,0.6717188954353333,-1.2186013460159302
-0.05055712163448334,0.6717989444732666,-1.21843683719635
-0.051864851266145706,0.6718920469284058,-1.217991590499878
-0.05305129289627075,0.6720714569091797,-1.2174618244171143
-0.054008450359106064,0.6721708178520203,-1.2169253826141357
-0.05495931953191757,0.6722431778907776,-1.216291069984436
-0.05577777698636055,0.6720603108406067,-1.2155075073242188
-0.056537359952926636,0.6712195873260498,-1.2147413492202759
-0.056890059262514114,0.6704922914505005,-1.2143491506576538
-0.05813831463456154,0.665500283241272,-1.2127500772476196
-0.05841296911239624,0.6636062860488892,-1.2122859954833984
-0.05896278843283653,0.659000039100647,-1.2113895416259766
-0.05970087647438049,0.6499509811401367,-1.210049033164978
-0.059889357537031174,0.646294116973877,-1.209585428237915
-0.06029234081506729,0.6380924582481384,-1.208638072013855
-0.060696978121995926,0.6285417079925537,-1.207694172859192
-0.061110276728868484,0.6177244782447815,-1.2066999673843384
-0.06182526424527168,0.5929590463638306,-1.2046098709106445
-0.06212851032614708,0.5794429183006287,-1.2039119005203247
-0.06255308538675308,0.5577505230903625,-1.202433466911316
-0.06282293051481247,0.5427205562591553,-1.2014540433883667
-0.06312213093042374,0.5271274447441101,-1.2005035877227783
-0.06328275799751282,0.5110339522361755,-1.1994953155517578
-0.06368844211101532,0.4776943624019623,-1.1975047588348389
-0.06375239044427872,0.4692472517490387,-1.1969900131225586
-0.06407485902309418,0.44326087832450867,-1.1954814195632935
-0.06415462493896484,0.43429800868034363,-1.1949161291122437
-0.06430213898420334,0.4167797863483429,-1.1940028667449951
-0.06445879489183426,0.39902469515800476,-1.1931124925613403
-0.06478220224380493,0.3635181486606598,-1.1912662982940674
-0.06478220224380493,0.3635181486606598,-1.1912662982940674
-0.06484198570251465,0.3545815646648407,-1.1907892227172852
-0.06497830897569656,0.3364938497543335,-1.1896755695343018
-0.06503380089998245,0.30075398087501526,-1.1879398822784424
-0.06516646593809128,0.2828236222267151,-1.1870181560516357
-0.06514542549848557,0.26480481028556824,-1.1861222982406616
-0.06514820456504822,0.24675637483596802,-1.1851671934127808
-0.06510273367166519,0.21966587007045746,-1.1838473081588745
-0.06501303613185883,0.20170679688453674,-1.1831239461898804
-0.06492812186479568,0.1834336817264557,-1.1824274063110352
-0.06482073664665222,0.16552196443080902,-1.1816761493682861
-0.06463226675987244,0.14786890149116516,-1.1809420585632324
-0.06453698873519897,0.13028329610824585,-1.1801857948303223
-0.0643410012125969,0.11323751509189606,-1.1794604063034058
-0.06388416886329651,0.08763711899518967,-1.1782892942428589
-0.06371567398309708,0.07108297199010849,-1.1776081323623657
-0.06380023807287216,0.06782501935958862,-1.1779961585998535
-0.06409294903278351,0.07984937727451324,-1.179398775100708
-0.06281796097755432,0.0877140685915947,-1.1801414489746094
-0.06346980482339859,0.09660869836807251,-1.1811251640319824
-0.06279837340116501,0.10379088670015335,-1.1821191310882568
-0.062528595328331,0.11257065832614899,-1.183475375175476
-0.06213601678609848,0.1157931312918663,-1.184457778930664
-0.061850905418395996,0.11752686649560928,-1.1857109069824219
-0.06161145865917206,0.11678273230791092,-1.1861493587493896
-0.06129898875951767,0.11134994029998779,-1.18754243850708
-0.0610678568482399,0.1047152653336525,-1.1883718967437744
-0.06097323074936867,0.10053771734237671,-1.188848614692688
-0.06058502197265625,0.09011976420879364,-1.1896809339523315
-0.06034690886735916,0.0774582251906395,-1.1906960010528564
-0.059055816382169724,0.06906246393918991,-1.1896966695785522
-0.058138128370046616,0.07274162769317627,-1.188189148902893
-0.057999998331069946,0.07941725850105286,-1.1866588592529297
-0.0577298104763031,0.08185968548059464,-1.1853739023208618
-0.057815615087747574,0.08253078162670135,-1.1848211288452148
-0.057195208966732025,0.08164224028587341,-1.1830517053604126
-0.05707867071032524,0.07831321656703949,-1.1816691160202026
-0.057868752628564835,0.07642871886491776,-1.1796174049377441
-0.05831003189086914,0.07560235261917114,-1.1781930923461914
-0.059108667075634,0.07237448543310165,-1.1763683557510376
-0.059183571487665176,0.07351312786340714,-1.1769109964370728
-0.059003837406635284,0.0763559639453888,-1.177929162979126
-0.059148158878088,0.07550705969333649,-1.1788759231567383
-0.05951031297445297,0.07336235791444778,-1.1796270608901978
-0.05974838510155678,0.07363342493772507,-1.1799007654190063
-0.05932275205850601,0.07430187612771988,-1.1790696382522583
-0.05970381945371628,0.07418950647115707,-1.1794400215148926
-0.05972779542207718,0.07445468008518219,-1.179618000984192
-0.05961235240101814,0.07453165203332901,-1.179608941078186
-0.05957288295030594,0.0743068978190422,-1.1792813539505005
-0.059507861733436584,0.07418108731508255,-1.1794345378875732
-0.05951380729675293,0.07421552389860153,-1.179337501525879
-0.059582944959402084,0.07432692497968674,-1.1793731451034546
-0.05952564626932144,0.07421879470348358,-1.1794384717941284
-0.05954127758741379,0.07438074052333832,-1.1794254779815674
-0.05956383794546127,0.07429700344800949,-1.1793180704116821
-0.05952804163098335,0.07423766702413559,-1.1793429851531982
-0.05952168628573418,0.07432673126459122,-1.179414987564087
-0.05952690914273262,0.07435080409049988,-1.1793828010559082
-0.059540942311286926,0.07431592792272568,-1.179388403892517
-0.05953199416399002,0.07433944940567017,-1.1793793439865112
-0.05951780453324318,0.0742725282907486,-1.179369330406189
-0.05956241115927696,0.07436957955360413,-1.1793547868728638
-0.0595315545797348,0.07434498518705368,-1.17937433719635
-0.05952645465731621,0.07434570044279099,-1.1793714761734009
-0.05955567583441734,0.07433582097291946,-1.1793885231018066
-0.05952834710478783,0.0743032917380333,-1.1793687343597412
-0.05952964350581169,0.07430846244096756,-1.179378628730774
-0.05956057459115982,0.07435254007577896,-1.1793878078460693
-0.059547580778598785,0.0743197351694107,-1.179322600364685
-0.05955321714282036,0.07432884722948074,-1.1793076992034912
-0.059542957693338394,0.07435394078493118,-1.1793991327285767
-0.05951039493083954,0.07433722168207169,-1.1793845891952515
-0.059560518711805344,0.07431131601333618,-1.1793692111968994
-0.05951095372438431,0.07433570176362991,-1.1793750524520874
-0.05953807011246681,0.07434051483869553,-1.1793601512908936
-0.059579282999038696,0.07433442026376724,-1.1793348789215088
-0.05952570587396622,0.0743652805685997,-1.1792950630187988
-0.059586476534605026,0.07431937009096146,-1.1793146133422852
-0.05952049791812897,0.07434165477752686,-1.1792964935302734
-0.059531304985284805,0.07434707880020142,-1.179298758506775
-0.05958303436636925,0.07435420155525208,-1.1793144941329956
-0.05952479690313339,0.07435894012451172,-1.179297685623169
-0.05953375622630119,0.07435624301433563,-1.1793103218078613
-0.05955716595053673,0.07435860484838486,-1.1793280839920044
-0.059538550674915314,0.07434958219528198,-1.1793240308761597
-0.05954424664378166,0.07434991002082825,-1.1793133020401
-0.05955891311168671,0.07434570044279099,-1.1793186664581299
-0.059526510536670685,0.07433382421731949,-1.179302453994751
-0.05954880267381668,0.0743354931473732,-1.1793092489242554
-0.05953828617930412,0.07433701306581497,-1.179312825202942
-0.0595574751496315,0.07434312999248505,-1.1793206930160522
-0.059552151709795,0.0743570327758789,-1.1793041229248047
-0.05953263118863106,0.07435759156942368,-1.179304838180542
-0.05956026166677475,0.07435498386621475,-1.1793124675750732
-0.059537626802921295,0.07434926182031631,-1.1793155670166016
-0.05954206734895706,0.07433552294969559,-1.1793192625045776
-0.05956019088625908,0.07431776821613312,-1.179321527481079
-0.05953657254576683,0.07432901859283447,-1.1793334484100342
-0.05954941362142563,0.07432809472084045,-1.1793140172958374
-0.05954771861433983,0.07434047013521194,-1.1792993545532227
-0.059546489268541336,0.07435060292482376,-1.1793075799942017
-0.059558648616075516,0.07434029877185822,-1.179307222366333
-0.0595598928630352,0.07436069846153259,-1.1793040037155151
-0.059568505734205246,0.07436957210302353,-1.179304599761963
-0.059563491493463516,0.07438162714242935,-1.1793203353881836
-0.05957113951444626,0.07435978949069977,-1.1793173551559448
-0.05957150086760521,0.07433797419071198,-1.1793582439422607
-0.05955998972058296,0.07434484362602234,-1.179321527481079
-0.059552229940891266,0.074344202876091,-1.1793066263198853
-0.05956491827964783,0.07434113323688507,-1.1793211698532104
-0.05956750735640526,0.07433975487947464,-1.179317593574524
-0.059551529586315155,0.07435840368270874,-1.1793235540390015
-0.05956751108169556,0.07437220215797424,-1.1793102025985718
-0.059570468962192535,0.074366994202137,-1.1793118715286255
-0.059563152492046356,0.07435736805200577,-1.1793181896209717
-0.05955713987350464,0.07432202249765396,-1.1793391704559326
-0.05955595523118973,0.07432454824447632,-1.1793506145477295
-0.059566009789705276,0.07433091849088669,-1.17935311794281
-0.05957692116498947,0.07433562725782394,-1.1793360710144043
-0.0595707967877388,0.07433837652206421,-1.1793211698532104
-0.059580765664577484,0.07434600591659546,-1.1793183088302612
-0.059573255479335785,0.07435668259859085,-1.1793051958084106
-0.05956762656569481,0.07433832436800003,-1.1792988777160645
-0.0595703087747097,0.07433993369340897,-1.1792914867401123
-0.0595763735473156,0.0743512287735939,-1.179287075996399
-0.05956319347023964,0.07435429841279984,-1.1792818307876587
-0.059573106467723846,0.07433710992336273,-1.179291009902954
-0.059581588953733444,0.07432789355516434,-1.1792829036712646
-0.059576716274023056,0.07432477921247482,-1.1792868375778198
-0.05956117436289787,0.07432567328214645,-1.179303765296936
-0.05955572798848152,0.07433073222637177,-1.1792982816696167
-0.05955682694911957,0.0743350237607956,-1.1793001890182495
-0.05955289304256439,0.07432910054922104,-1.179302453994751
-0.059548839926719666,0.07434103637933731,-1.1793091297149658
-0.05954832583665848,0.07434185594320297,-1.1793121099472046
-0.05955402925610542,0.0743536651134491,-1.1793307065963745
-0.05955269932746887,0.07434666156768799,-1.1793268918991089
-0.05955298990011215,0.07434393465518951,-1.1793241500854492
-0.05955040454864502,0.0743410587310791,-1.179323673248291
-0.05955543369054794,0.0743449255824089,-1.1793169975280762
-0.05956064909696579,0.07434175163507462,-1.179326057434082
-0.0595550574362278,0.0743408203125,-1.1793144941329956
-0.059553805738687515,0.07433242350816727,-1.1793293952941895
-0.05955388769507408,0.07434096187353134,-1.1793146133422852
-0.05954490974545479,0.07433903217315674,-1.1793129444122314
